5;Leilani Lewis;0;1999-02-11;Leilani_Lewis7176@naiker.biz;5-265-150-7234;Oxford Avenue, 5627
6;Melania Lane;0;2001-12-07;Melania_Lane241@fuliss.net;1-338-140-2632;Capeners  Vale, 2501
7;Julia Vollans;0;1997-05-29;Julia_Vollans7650@gembat.biz;3-417-365-8352;Andsell    Street, 8656
8;Rocco Nanton;0;1999-06-13;Rocco_Nanton2935@bretoux.com;7-645-445-2141;Beaconsfield  Avenue, 628
9;Beatrice Yang;0;2001-12-17;Beatrice_Yang8730@sheye.org;1-124-455-0411;Babmaes    Vale, 8368
10;Carl Mccormick;0;1997-03-11;Carl_Mccormick123@bungar.biz;1-653-652-3588;Virgil   Avenue, 2339
11;David Speed;0;1999-10-18;David_Speed2912@sheye.org;4-828-702-6611;Black Friars   Rue, 8913
12;Noah Gavin;0;1998-01-15;Noah_Gavin1972@corti.com;6-745-665-2178;King Grove, 4722
13;Peter Watt;0;1998-04-27;Peter_Watt2767@deons.tech;3-125-041-6433;Dunton  Alley, 3792
14;Michael Brett;0;1997-02-02;Michael_Brett7024@typill.biz;7-366-310-8237;Black Friars   Grove, 4850
15;Bob Ring;0;1997-04-30;Bob_Ring252@zorer.org;5-087-103-1753;Archery  Vale, 3536
16;Remy Oswald;0;2001-09-05;Remy_Oswald2928@liret.org;0-085-802-1075;Bell    Way, 4294
17;Karen Wooldridge;0;1997-03-20;Karen_Wooldridge417@yahoo.com;0-102-413-8627;Adderley   Pass, 2666
18;Eryn Poulton;0;1997-01-13;Eryn_Poulton5657@liret.org;1-304-318-2680;Magnolia Route, 9458
19;Georgia Raven;0;1999-06-28;Georgia_Raven7728@womeona.net;6-544-040-6338;Monroe Lane, 4357
20;Anthony Shields;0;2000-10-16;Anthony_Shields6793@acrit.org;0-337-456-6337;East Crossroad, 9619
21;Chuck Locke;0;1997-06-18;Chuck_Locke4512@famism.biz;8-226-117-5502;Walnut Alley, 6281
22;Harry Rainford;0;2001-02-19;Harry_Rainford611@famism.biz;7-806-136-0753;Wager   Way, 1373
23;Marjorie Moreno;0;2001-12-04;Marjorie_Moreno5364@gompie.com;4-320-006-7471;Elgood   Pass, 1927
24;Owen Eagle;0;1999-09-22;Owen_Eagle7224@atink.com;8-420-207-7633;Wager   Route, 9534
25;Adina Grady;0;2001-01-07;Adina_Grady4199@deavo.com;0-208-433-1771;Apostle  Way, 7739
26;Camila Hunt;0;2000-08-18;Camila_Hunt3352@deavo.com;0-672-020-7446;Belmont Park Walk, 1952
27;Brad Hopkinson;0;1999-02-14;Brad_Hopkinson1658@nimogy.biz;6-705-715-8565;Caxton  Street, 6706
28;Dani Lambert;0;1998-12-09;Dani_Lambert8711@womeona.net;1-264-517-6080;Bell    Route, 9610
29;Marilyn Dixon;0;2001-04-29;Marilyn_Dixon1688@jiman.org;8-520-386-4872;Cingworth  Boulevard, 1627
30;Matt Baldwin;0;2000-12-22;Matt_Baldwin1946@grannar.com;6-315-160-6080;Chandos  Crossroad, 2549
31;Aiden Ellis;0;1997-09-25;Aiden_Ellis607@yahoo.com;2-808-834-5260;Blomfield  Rue, 1662
32;Russel Gonzales;0;1997-07-26;Russel_Gonzales2992@acrit.org;6-652-214-1262;Ellerman   Hill, 1254
33;Maxwell Hunt;0;1998-09-19;Maxwell_Hunt8240@nimogy.biz;3-248-511-7085;Kingly  Vale, 2789
34;Rihanna Mccormick;0;1997-04-12;Rihanna_Mccormick3846@eirey.tech;6-286-765-4280;Clarks  Lane, 7806
35;Jackeline Tait;0;1999-01-01;Jackeline_Tait9440@typill.biz;5-813-704-0700;Collent   Way, 6934
36;Anais Gregory;0;2002-02-08;Anais_Gregory791@deons.tech;2-327-558-1274;Kingly  Pass, 6756
37;Hailey Partridge;0;1997-04-22;Hailey_Partridge8260@famism.biz;5-137-774-5357;Blandford  Drive, 5044
38;Ema Wilton;0;2000-03-16;Ema_Wilton962@gmail.com;6-565-054-7833;Camden  Way, 2191
39;Chester Wheeler;0;2001-06-16;Chester_Wheeler9296@typill.biz;3-228-442-0147;Victoria  Vale, 560
40;Chad Jacobs;0;1997-06-13;Chad_Jacobs5843@brety.org;5-546-476-8577;Jackson Route, 7823
41;Stella Yoman;0;1998-10-31;Stella_Yoman7970@grannar.com;6-023-118-0364;Canning  Boulevard, 9536
42;Boris Jenkins;0;2000-07-08;Boris_Jenkins3095@muall.tech;6-538-320-2370;Bennett  Hill, 2896
43;Caleb Walton;0;2000-05-22;Caleb_Walton8240@nanoff.biz;2-048-177-5634;Victoria Rise Walk, 8211
44;George Gunn;0;2002-03-19;George_Gunn2340@deons.tech;1-477-550-7084;Blore  Drive, 8820
45;Carter Weatcroft;0;1998-10-18;Carter_Weatcroft1265@naiker.biz;5-660-011-6308;Longmoore   Grove, 3646
46;Dorothy Grady;0;1998-06-21;Dorothy_Grady2925@sheye.org;1-633-045-7505;Yoakley Vale, 9590
47;Chuck Noon;0;2000-08-03;Chuck_Noon429@grannar.com;7-533-268-6238;Fairfield  Route, 6314
48;Hank Yard;0;1998-01-25;Hank_Yard8080@liret.org;7-246-853-1711;Enford   Walk, 5703
49;Dani Craig;0;1998-03-19;Dani_Craig2144@corti.com;1-375-026-6203;Queen Vale, 7826
50;Sabrina Richardson;0;2000-11-27;Sabrina_Richardson2644@deons.tech;0-504-067-3356;Camdale  Route, 1043
51;Mark Umney;0;2000-11-26;Mark_Umney4768@fuliss.net;0-425-345-0172;Black Swan  Road, 504
52;Matthew Benson;0;2000-12-16;Matthew_Benson3608@kideod.biz;5-805-207-3545;Lake Drive, 7549
53;Rufus Wilcox;0;2000-06-07;Rufus_Wilcox1145@bretoux.com;8-212-336-5060;Virginia Rue, 2976
54;Denny Dann;0;1998-08-15;Denny_Dann3975@dionrab.com;6-888-703-6845;Birkin   Boulevard, 1245
55;Tyson Moore;0;1999-06-08;Tyson_Moore9133@deons.tech;3-174-520-4051;Apothecary   Boulevard, 5124
56;Cedrick Mccormick;0;1998-10-30;Cedrick_Mccormick668@liret.org;5-228-362-7778;Castile  Pass, 9898
57;Bryce Palmer;0;2001-08-08;Bryce_Palmer1838@bauros.biz;3-848-473-7828;Bales  Street, 3203
58;Oliver Whinter;0;1999-03-31;Oliver_Whinter4382@infotech44.tech;6-888-311-4634;Cecilia  Drive, 8741
59;Marigold Lloyd;0;1997-01-06;Marigold_Lloyd7619@brety.org;3-403-176-7288;Rail Alley, 5580
60;Ramon Weston;0;2001-08-24;Ramon_Weston7603@cispeto.com;3-607-584-4681;Cleveland  Avenue, 3050
61;Ember Lewin;0;1999-05-25;Ember_Lewin501@dionrab.com;5-223-323-4858;Marina  Way, 1311
62;Savannah Pond;0;2001-06-27;Savannah_Pond8979@famism.biz;3-676-111-4636;Chalcot  Hill, 4185
63;Gil Johnson;0;2001-10-07;Gil_Johnson5284@vetan.org;1-868-732-8262;Apsley    Pass, 5544
64;Celina Janes;0;1999-04-16;Celina_Janes9392@bauros.biz;3-616-263-5170;Earl Rise Walk, 4771
65;Sabina Drummond;0;2001-03-11;Sabina_Drummond3313@grannar.com;8-451-057-2221;Buttonwood Street, 6317
66;Maggie Robertson;0;2002-04-22;Maggie_Robertson6401@bungar.biz;7-603-877-4101;Beaumont  Street, 6846
67;Callie Rowlands;0;2001-07-14;Callie_Rowlands6353@atink.com;0-633-354-2425;Amwell    Avenue, 141
68;Paula Hammond;0;2001-03-14;Paula_Hammond895@ubusive.com;4-254-064-7415;Bond Way, 5548
69;Bob Hobson;0;1997-06-11;Bob_Hobson6306@hourpy.biz;0-274-135-5783;Caxton  Vale, 7607
70;Lillian Ebbs;0;1997-02-04;Lillian_Ebbs9224@yahoo.com;5-207-834-4273;Bagford   Vale, 2235
71;Bryon Hammond;0;2001-04-19;Bryon_Hammond1949@iatim.tech;2-662-355-5112;Canon Street, 1156
72;Mason Jennson;0;1998-12-07;Mason_Jennson7157@eirey.tech;0-116-801-1036;Bermondsey    Alley, 2496
73;Marvin Hood;0;1998-07-21;Marvin_Hood8292@extex.org;0-172-334-0444;Under  Road, 1378
74;Esmeralda Sinclair;0;1999-10-27;Esmeralda_Sinclair5328@ubusive.com;4-301-547-3711;Queensberry  Avenue, 1138
75;Harvey Broomfield;0;1998-11-14;Harvey_Broomfield5570@iatim.tech;1-008-623-4147;Marischal  Crossroad, 2871
76;Isabella Kent;0;2000-02-22;Isabella_Kent8339@fuliss.net;3-461-064-3087;Ellerman   Street, 5984
77;Barney Harrington;0;2002-05-09;Barney_Harrington6003@nimogy.biz;8-465-731-8120;Cockspur  Grove, 8
78;Freya Baxter;0;1999-08-20;Freya_Baxter711@gmail.com;8-285-826-7377;Bush  Rue, 3791
79;Oliver Ward;0;2001-09-28;Oliver_Ward1985@infotech44.tech;1-000-724-7171;West Route, 8876
80;Cherish Snell;0;1998-07-02;Cherish_Snell5836@tonsy.org;4-861-174-4662;Bacton   Avenue, 9865
81;Hayden Knight;0;1997-01-31;Hayden_Knight5079@vetan.org;6-617-311-5148;Collingwood  Alley, 1877
82;Mark Emmett;0;1998-10-26;Mark_Emmett609@dionrab.com;3-145-067-8183;Canal  Route, 540
83;Tony Jones;0;2000-06-25;Tony_Jones5868@elnee.tech;0-625-085-0565;Carol   Way, 8967
84;Percy Tyrrell;0;2001-12-07;Percy_Tyrrell7113@liret.org;7-275-068-7766;Meadow Lane, 6986
85;Logan Mackenzie;0;1999-05-16;Logan_Mackenzie7587@jiman.org;3-274-285-7734;English   Route, 1590
86;Teagan Isaac;0;1997-08-17;Teagan_Isaac8992@womeona.net;5-374-506-8808;Dunstans  Boulevard, 1642
87;Carla Ward;0;1997-08-24;Carla_Ward4720@nanoff.biz;5-558-414-8146;Canon Alley, 3599
88;Ronald Gonzales;0;2001-01-14;Ronald_Gonzales4335@deavo.com;0-400-761-8412;Chartham  Walk, 691
89;Adela Osman;0;1997-08-14;Adela_Osman6131@bungar.biz;1-241-074-8618;Parkfield  Hill, 3955
90;Owen Shaw;0;2001-11-10;Owen_Shaw8467@sveldo.biz;5-856-603-6744;Cliff  Rue, 3430
91;Roger Campbell;0;1998-09-26;Roger_Campbell8542@gompie.com;5-857-863-3721;Woodland Street, 4277
92;Enoch Shea;0;1999-07-10;Enoch_Shea328@irrepsy.com;4-258-318-2073;Sheringham   Crossroad, 1288
93;Jack Jobson;0;1998-03-22;Jack_Jobson5141@cispeto.com;3-502-124-6443;Garfield Avenue, 3510
94;Anthony Emmott;0;1999-08-19;Anthony_Emmott8214@ubusive.com;2-567-460-3787;Addison  Boulevard, 3968
95;Dakota Noach;0;2001-11-13;Dakota_Noach4319@infotech44.tech;6-024-675-3452;West Way, 4580
96;Kieth Beal;0;2002-04-16;Kieth_Beal7292@atink.com;4-531-058-8676;Cavell   Walk, 3032
97;Anabel Lloyd;0;1998-12-05;Anabel_Lloyd9705@iatim.tech;2-254-133-7688;Cheney  Lane, 3516
98;Michael Waterhouse;0;1997-11-26;Michael_Waterhouse9394@supunk.biz;5-661-536-3448;Enderby   Crossroad, 4610
99;Mike Myatt;0;1997-02-22;Mike_Myatt8378@womeona.net;3-876-660-3538;Cingworth  Crossroad, 4389
100;Sofia Mccormick;0;1998-01-30;Sofia_Mccormick9635@eirey.tech;7-076-818-0271;Calshot   Tunnel, 7539
101;Kieth Wilde;0;2001-11-05;Kieth_Wilde9666@womeona.net;1-346-475-3136;Antrobus   Way, 8841
102;William Wright;0;1997-11-01;William_Wright6860@sveldo.biz;7-870-782-6474;Abourne   Grove, 5059
103;Amelia Herbert;0;1998-12-16;Amelia_Herbert6085@nickia.com;8-164-753-3342;Bedford  Rue, 5845
104;Hanna Simpson;0;1998-05-16;Hanna_Simpson755@liret.org;4-471-186-6122;Chantry   Lane, 1905
105;Russel Lloyd;0;1997-08-19;Russel_Lloyd1913@zorer.org;6-828-781-3387;Blackheath  Drive, 9845
106;Wade Poole;0;1997-04-25;Wade_Poole3892@deavo.com;8-414-516-8035;Blanchard  Street, 9090
107;Daniel Potter;0;1997-07-12;Daniel_Potter539@dionrab.com;4-457-043-1432;East Avenue, 6890
108;George Page ;0;1997-08-12;George_Page 2961@ovock.tech;2-246-805-4674;Castlereagh   Road, 387
109;Fred Roberts;0;2001-12-29;Fred_Roberts9638@cispeto.com;4-223-528-2214;Virgil   Avenue, 5420
110;Russel Rowlands;0;1998-03-24;Russel_Rowlands157@fuliss.net;3-488-414-0227;Catherine  Hill, 6396
111;Kate Hale;0;1997-06-25;Kate_Hale5457@nimogy.biz;7-171-126-4831;Sherwood  Lane, 6353
112;Melinda Pierce;0;1997-09-15;Melinda_Pierce7048@corti.com;1-737-568-7477;Angel  Pass, 6835
113;Domenic Forester;0;2002-05-29;Domenic_Forester3260@nimogy.biz;6-382-434-3516;Victoria  Route, 7396
114;Tony Reese;0;1999-02-22;Tony_Reese764@womeona.net;4-703-251-7771;Victoria  Avenue, 6414
115;Luke Carter;0;1999-05-16;Luke_Carter773@fuliss.net;5-523-070-5567;Monroe Grove, 4323
116;Ethan Selby;0;2001-10-02;Ethan_Selby2442@dionrab.com;8-425-165-8447;Beechen  Rue, 9890
117;David Nicolas;0;2001-11-21;David_Nicolas6265@gembat.biz;0-837-666-2135;Kingly  Lane, 8397
118;Hayden Walton;0;2000-12-04;Hayden_Walton6712@ovock.tech;3-143-185-6032;Bales  Way, 7795
119;Josh Swift;0;2000-10-13;Josh_Swift1274@nickia.com;2-278-351-2230;Cloth  Rue, 1926
120;Naomi White;0;1999-09-11;Naomi_White6416@mafthy.com;4-080-557-0724;Linden Alley, 2807
121;Wade Allen;0;1997-08-09;Wade_Allen6020@sheye.org;2-671-704-5656;King Edward  Lane, 4649
122;Mary Maxwell;0;2001-05-30;Mary_Maxwell1288@guentu.biz;2-232-458-5582;Beatty  Route, 8067
123;Nancy Horton;0;1998-12-15;Nancy_Horton3871@ovock.tech;0-652-355-3817;Vintners  Crossroad, 4446
124;Lindsay Owen;0;1999-01-26;Lindsay_Owen5835@naiker.biz;0-724-271-2183;Coleman  Hill, 8864
125;Keira Callan;0;1997-07-06;Keira_Callan5963@ubusive.com;4-414-505-3548;Fair Route, 135
126;Ciara Noon;0;1999-08-30;Ciara_Noon4982@deons.tech;1-051-107-2244;Bethwin  Drive, 1154
127;Harry Pope;0;2001-05-29;Harry_Pope5991@acrit.org;8-566-856-0703;Chatsworth  Grove, 9868
128;Bob Stewart;0;1997-05-07;Bob_Stewart9289@liret.org;1-131-508-6156;Carolina  Rue, 3603
129;Melania Flynn;0;1997-01-25;Melania_Flynn5261@sveldo.biz;7-530-106-8202;Enford   Avenue, 5670
130;Cherish Grady;0;2000-05-28;Cherish_Grady7693@gmail.com;1-107-414-2460;Andsell    Hill, 1192
131;Madison Wellington;0;1998-12-08;Madison_Wellington3267@hourpy.biz;7-323-473-2602;Ashley Crossroad, 1657
132;Marilyn Collingwood;0;2001-01-09;Marilyn_Collingwood4148@deons.tech;7-080-676-3773;Belmore  Grove, 2346
133;Sabrina Fulton;0;1997-03-25;Sabrina_Fulton3345@qater.org;1-532-856-4832;Cavendish Route, 5139
134;Boris Reading;0;1999-03-05;Boris_Reading5061@bulaffy.com;7-886-373-0641;College  Avenue, 3021
135;Madison Moore;0;2001-07-16;Madison_Moore1214@brety.org;3-462-836-8356;English   Route, 9889
136;Denny Powell;0;1998-04-13;Denny_Powell1840@nickia.com;2-382-730-1061;Bekesbourne   Street, 7274
137;Russel Norton;0;2000-08-18;Russel_Norton8395@sheye.org;0-686-664-4617;Thorndike   Lane, 9587
138;Hayden Moreno;0;1998-07-26;Hayden_Moreno1854@supunk.biz;5-521-764-3435;Adderley   Avenue, 8990
139;Taylor Ashley;0;1998-02-08;Taylor_Ashley3774@twipet.com;4-430-036-1883;Glenwood Road, 4219
140;Jules Abbot;0;2000-01-17;Jules_Abbot2495@famism.biz;6-878-115-5023;Marina  Way, 4111
141;Jack Adams;0;1998-09-03;Jack_Adams1160@grannar.com;5-866-335-8223;Blendon    Vale, 2400
142;Rose Owen;0;2001-11-19;Rose_Owen7127@brety.org;0-226-767-5053;Blean   Drive, 3884
143;Cara Phillips;0;2001-06-23;Cara_Phillips1878@sheye.org;4-141-126-6382;Paris   Grove, 1587
144;Matthew Bolton;0;1999-04-09;Matthew_Bolton7004@dionrab.com;5-252-887-5275;Berry  Hill, 3924
145;Martin Avery;0;1997-08-18;Martin_Avery6833@nimogy.biz;8-866-866-7661;Thomas Doyle   Lane, 6183
146;Harvey Gibbons;0;2001-06-07;Harvey_Gibbons8734@supunk.biz;0-366-301-6784;Caldwell   Tunnel, 1902
147;Emmanuelle Rose;0;2001-12-24;Emmanuelle_Rose4294@womeona.net;6-034-838-6705;Linda   Boulevard, 2210
148;Nate Kennedy;0;2001-02-15;Nate_Kennedy3490@fuliss.net;5-556-427-0357;Ellerslie Pass, 9316
149;Analise Clarke;0;2001-10-22;Analise_Clarke6715@irrepsy.com;8-682-228-1420;Cave   Crossroad, 3484
150;Peter Bradshaw;0;1998-01-15;Peter_Bradshaw4884@nanoff.biz;2-312-637-5481;Spruce Drive, 5430
151;Ryan Harris;0;1999-01-28;Ryan_Harris7292@tonsy.org;6-743-663-4334;Erindale Lane, 699
152;Gwen Shields;0;2002-04-12;Gwen_Shields7242@iatim.tech;6-843-365-1342;Bagford   Grove, 2147
153;Kenzie Umney;0;1999-08-29;Kenzie_Umney4798@zorer.org;1-462-750-2382;Fairbairn  Avenue, 2446
154;Roger Sylvester;0;1998-08-04;Roger_Sylvester6554@grannar.com;5-864-731-8220;Kingly  Lane, 6397
155;Judith Russell;0;2001-06-11;Judith_Russell1793@joiniaa.com;4-858-700-3648;Aylward   Boulevard, 1157
156;Mackenzie Salt;0;2000-04-22;Mackenzie_Salt4193@bungar.biz;3-318-568-7834;Camley   Way, 2071
157;Nate Underhill;0;1998-03-01;Nate_Underhill9594@cispeto.com;1-641-454-2708;Garfield Hill, 6867
158;Ivette Powell;0;2000-09-10;Ivette_Powell7632@infotech44.tech;3-037-155-0048;Abbey   Vale, 978
159;Mona Attwood;0;2000-03-08;Mona_Attwood6546@yahoo.com;7-567-152-0736;Bell    Alley, 908
160;Luke Baker;0;1997-10-21;Luke_Baker6270@nimogy.biz;8-313-345-0860;Vine  Street, 3907
161;Ruby Knight;0;2000-05-28;Ruby_Knight4157@infotech44.tech;4-350-448-6228;Ely  Avenue, 449
162;Celia Addison;0;2000-07-01;Celia_Addison944@mafthy.com;4-066-512-4153;Belfort  Road, 7664
163;Gabriel Jeffery;0;1997-01-25;Gabriel_Jeffery2525@iatim.tech;3-328-872-5536;Pine Road, 7653
164;Tyson Gardner;0;2001-11-24;Tyson_Gardner1252@gmail.com;1-101-673-3323;Elgood   Boulevard, 2617
165;Penny Lakey;0;2001-06-22;Penny_Lakey2875@nimogy.biz;3-284-354-3410;Carpenter Pass, 8548
166;Maya Weldon;0;1998-09-16;Maya_Weldon6424@ubusive.com;3-136-081-3074;Mariner  Drive, 7983
167;Eduardo Fox;0;2002-02-23;Eduardo_Fox2341@sveldo.biz;4-483-243-8768;South Route, 12
168;Taylor John;0;2002-03-26;Taylor_John2929@gembat.biz;6-632-150-6110;Lincoln Street, 1134
169;Emma Yarwood;0;1998-03-01;Emma_Yarwood314@bretoux.com;0-873-363-1712;Vincent  Way, 9455
170;Maxwell Pratt;0;1999-03-16;Maxwell_Pratt3177@famism.biz;6-282-822-6253;Calshot   Route, 2985
171;Mason Rodgers;0;1998-04-03;Mason_Rodgers9361@hourpy.biz;8-864-567-1067;Sheffield Vale, 4567
172;Tara Vincent;0;2000-05-01;Tara_Vincent2168@vetan.org;7-811-002-1264;Sherwood  Boulevard, 3262
173;Owen Brooks;0;1997-01-28;Owen_Brooks5125@twace.org;8-163-052-8163;Wadham  Way, 4357
174;Mike Hepburn;0;1999-08-31;Mike_Hepburn6729@cispeto.com;0-008-441-7826;Belmont Park Drive, 3578
175;Sasha Griffiths;0;1997-02-21;Sasha_Griffiths9853@kideod.biz;1-136-260-8626;Victoria  Boulevard, 9834
176;Dakota Blackwall;0;1998-03-15;Dakota_Blackwall8298@tonsy.org;5-343-055-3205;Tisbury  Rue, 2049
177;Jackeline Rodwell;0;1997-08-12;Jackeline_Rodwell2775@nimogy.biz;2-262-222-5730;Thrale   Boulevard, 8185
178;Ramon Hope;0;2000-06-27;Ramon_Hope7564@twace.org;0-471-742-6226;Carpenter Vale, 3462
179;Sabina Alldridge;0;1999-09-16;Sabina_Alldridge6926@irrepsy.com;3-078-080-7051;Buttonwood Pass, 4585
180;Marjorie Rodwell;0;1998-07-13;Marjorie_Rodwell5787@nickia.com;1-586-731-0530;East Road, 9295
181;Celina Rigg;0;2001-08-26;Celina_Rigg9980@iatim.tech;5-884-217-8073;Calverley  Tunnel, 863
182;Fiona Partridge;0;1997-12-14;Fiona_Partridge6383@dionrab.com;0-553-748-8010;Blackwall  Walk, 8205
183;Daniel Eyres;0;2002-02-07;Daniel_Eyres6485@tonsy.org;2-040-870-4207;Billing  Crossroad, 7325
184;Zoe Weatcroft;0;2001-11-11;Zoe_Weatcroft2846@sheye.org;4-348-668-5443;Linden Boulevard, 2823
185;Nancy Richardson;0;2002-03-31;Nancy_Richardson9667@infotech44.tech;0-116-885-3582;Eaglet  Way, 4792
186;Dalia Veale;0;2001-03-18;Dalia_Veale4652@elnee.tech;3-681-710-4444;Udall   Pass, 5072
187;William Warden;0;2000-09-22;William_Warden9843@tonsy.org;8-416-748-5556;Tiptree   Road, 9901
188;Angelina Morris;0;1997-01-12;Angelina_Morris1375@famism.biz;1-772-542-5134;Endsleigh  Rue, 7585
189;Macy Kirby;0;1999-12-12;Macy_Kirby9748@brety.org;8-001-827-1563;Ensign   Lane, 9584
190;Josephine Furnell;0;1997-07-13;Josephine_Furnell4710@ovock.tech;0-863-326-2220;Becher  Street, 6227
191;Denny Edwards;0;1999-04-13;Denny_Edwards2495@qater.org;4-272-657-3330;Church Vale, 2114
192;Clint Booth;0;2000-09-08;Clint_Booth8518@extex.org;0-578-630-4571;Chartham  Vale, 4795
193;Roger Parker;0;2001-10-11;Roger_Parker863@muall.tech;1-136-316-0152;Aspen Way, 8261
194;Marilyn Williams;0;2002-04-18;Marilyn_Williams9960@infotech44.tech;6-076-877-1480;Emden   Walk, 2620
195;Goldie Devonport;0;2002-05-24;Goldie_Devonport9169@iatim.tech;3-282-835-5411;Cockspur  Rue, 6330
196;Kimberly Plant;0;1999-10-12;Kimberly_Plant6022@nanoff.biz;8-835-543-0373;East Avenue, 9837
197;Leslie Maxwell;0;2001-12-08;Leslie_Maxwell5990@iatim.tech;8-080-450-1670;Elia   Boulevard, 5715
198;Kate Campbell;0;1999-06-29;Kate_Campbell2836@eirey.tech;8-754-685-0632;West Rue, 6527
199;Liam Goodman;0;2000-12-17;Liam_Goodman3865@fuliss.net;2-287-132-7756;Maple Vale, 8778
200;Johnny Bullock;0;2001-02-22;Johnny_Bullock716@tonsy.org;0-351-640-5647;Marischal  Vale, 8022
201;Faith Sylvester;0;2002-01-20;Faith_Sylvester9048@muall.tech;3-828-457-8311;Gatonby   Avenue, 5952
202;Kaylee Reynolds;0;2001-07-17;Kaylee_Reynolds2906@irrepsy.com;8-416-000-5416;Balfe   Street, 4781
203;Keira Grant;0;2001-06-23;Keira_Grant300@bulaffy.com;5-747-255-7104;Bletchley   Route, 3408
204;Erick Horton;0;1999-01-23;Erick_Horton7619@ubusive.com;8-052-028-7185;Magnolia Crossroad, 5639
205;Kurt Verdon;0;1997-02-11;Kurt_Verdon6872@atink.com;1-200-516-3174;Blake  Walk, 6579
206;Harry Amstead;0;2002-06-08;Harry_Amstead7942@naiker.biz;0-274-473-2128;Union  Drive, 9638
207;Sloane Stanton;0;2000-11-29;Sloane_Stanton3632@dionrab.com;3-151-718-3633;Heritage Walk, 7988
208;Darlene Ellison;0;1998-01-10;Darlene_Ellison8808@liret.org;3-520-577-3061;Arbutus   Route, 7844
209;Clint Utterson;0;1998-06-14;Clint_Utterson5600@bungar.biz;4-471-140-0748;Ashley Hill, 5368
210;Jayden Sinclair;0;1999-11-24;Jayden_Sinclair5901@supunk.biz;3-473-512-6176;Black Swan  Avenue, 7878
211;Kamila Faulkner;0;1998-02-12;Kamila_Faulkner4549@cispeto.com;1-878-310-2581;Clyde Rue, 3360
212;Joy Waterhouse;0;2000-07-22;Joy_Waterhouse8588@brety.org;6-472-126-2488;Beatty  Route, 7812
213;Hannah Garner;0;1998-09-06;Hannah_Garner3854@eirey.tech;0-364-761-6022;Lexington Route, 5621
214;Candace Hood;0;1998-07-22;Candace_Hood6649@nickia.com;6-656-147-6722;Edwin   Lane, 4109
215;Skylar Knight;0;1999-02-10;Skylar_Knight1509@deavo.com;7-253-622-6536;Boleyn  Pass, 2911
216;Carolyn Page ;0;2000-01-10;Carolyn_Page 1643@brety.org;0-400-134-6250;Castlereagh   Route, 5638
217;Carl John;0;1997-07-13;Carl_John2238@kideod.biz;0-433-767-6865;Durham Crossroad, 6709
218;Livia Villiger;0;1998-01-09;Livia_Villiger7085@vetan.org;6-300-071-4270;Caxton  Hill, 7466
219;Rose Pickard;0;2001-07-26;Rose_Pickard7623@bungar.biz;2-424-147-7038;Shepherds  Drive, 7841
220;Norah Wooldridge;0;2002-05-13;Norah_Wooldridge8717@brety.org;5-334-504-5584;Rail Rue, 7506
221;Eduardo Glass;0;2001-08-27;Eduardo_Glass6365@deons.tech;0-735-827-3036;Buttonwood Alley, 8175
222;Mark Upsdell;0;2000-09-07;Mark_Upsdell5015@infotech44.tech;8-057-087-8182;Coleman  Rue, 1358
223;Michael Stone ;0;1997-04-12;Michael_Stone 9397@yahoo.com;2-100-226-3347;Abbots   Avenue, 3630
224;Boris Wills;0;2000-04-24;Boris_Wills8060@kideod.biz;2-120-341-1580;Linden Pass, 9840
225;Andrea Rose;0;1999-08-04;Andrea_Rose8277@iatim.tech;8-180-118-3245;Chancellor  Lane, 150
226;Callie Rowe;0;2001-12-26;Callie_Rowe4841@dionrab.com;5-645-601-8544;Boldero   Lane, 4820
227;Janelle Howard;0;2001-08-09;Janelle_Howard906@nanoff.biz;8-540-653-4141;Arthur  Boulevard, 5691
228;Wade Hill;0;2002-05-31;Wade_Hill3895@bauros.biz;2-742-368-6255;Castle Road, 2293
229;Chadwick Thorpe;0;1998-12-22;Chadwick_Thorpe7682@tonsy.org;0-343-252-0757;Parkfields Street, 3179
230;Kieth Ballard;0;1999-05-11;Kieth_Ballard7381@extex.org;4-827-274-8845;Bury  Walk, 9852
231;Johnathan Poulton;0;1999-02-26;Johnathan_Poulton2172@yahoo.com;6-081-020-7434;Lake Route, 9170
232;Tyler Jennson;0;1998-12-14;Tyler_Jennson5606@ovock.tech;4-054-581-8028;Bellenden  Pass, 2758
233;Chelsea Heaton;0;2001-09-14;Chelsea_Heaton3779@fuliss.net;8-738-243-3310;Elgood   Street, 4545
234;Victoria Morris;0;1997-04-02;Victoria_Morris4262@gmail.com;0-758-870-3818;Longman   Rue, 1534
235;Celia Woodcock;0;2001-09-26;Celia_Woodcock6689@qater.org;3-884-685-8243;Argyle  Alley, 7150
236;Chris Addison;0;1998-06-22;Chris_Addison2123@bauros.biz;0-273-877-7038;Oxford Drive, 9471
237;Anabel Overson;0;2001-06-30;Anabel_Overson2822@bauros.biz;8-181-324-4511;Apsley    Street, 8507
238;Julius Campbell;0;1997-05-03;Julius_Campbell1758@grannar.com;5-410-370-4474;Cingworth  Vale, 9780
239;Nick Stark;0;1999-10-19;Nick_Stark7479@dionrab.com;0-375-015-8665;Gate   Way, 1814
240;Moira Reese;0;2001-11-17;Moira_Reese6890@bungar.biz;4-640-072-7574;Pine Way, 6045
241;Kieth Thorpe;0;1999-07-08;Kieth_Thorpe4981@iatim.tech;0-234-082-0034;Coleman  Lane, 6177
242;Evie Hardwick;0;1997-02-06;Evie_Hardwick1575@sveldo.biz;4-454-361-7680;Arbutus   Pass, 6777
243;Chester Simpson;0;2001-06-27;Chester_Simpson1345@eirey.tech;1-303-731-4181;Mariner   Road, 5058
244;Hayden Vince;0;1997-12-22;Hayden_Vince8592@gembat.biz;4-762-056-6431;Meadow Alley, 2859
245;Nicholas John;0;1997-05-18;Nicholas_John5395@typill.biz;3-544-350-3731;Bacon  Way, 1739
246;Percy Allwood;0;1997-03-26;Percy_Allwood8116@twace.org;2-504-018-8680;Camdale  Rue, 5834
247;Dani Glynn;0;1997-04-10;Dani_Glynn9402@nickia.com;6-134-653-7344;Addison  Lane, 3876
248;Ronald Ianson;0;2002-05-27;Ronald_Ianson5729@hourpy.biz;3-450-034-3038;King Edward  Route, 6823
249;Sebastian Middleton;0;1998-10-19;Sebastian_Middleton1538@supunk.biz;2-883-735-3012;Canon Lane, 107
250;Maia Woods;0;2002-04-22;Maia_Woods152@famism.biz;6-246-114-8021;Ayres   Vale, 1157
251;Marla Dann;0;1997-09-28;Marla_Dann599@nickia.com;6-270-666-6427;Capeners  Road, 2757
252;Russel Blackburn;0;2001-07-29;Russel_Blackburn7958@mafthy.com;3-132-078-1765;Fawn Grove, 2843
253;Mike Vass;0;2002-05-10;Mike_Vass2948@zorer.org;8-320-538-7885;Blake  Drive, 3326
254;Mary Sheldon;0;1998-11-15;Mary_Sheldon3864@womeona.net;2-116-082-1302;Western   Crossroad, 8288
255;Mark Rehman;0;1997-02-22;Mark_Rehman8211@naiker.biz;0-456-580-2257;North Lane, 4144
256;Michaela Waterhouse;0;1998-09-25;Michaela_Waterhouse7112@bungar.biz;6-702-206-5643;Angel  Tunnel, 4927
257;Ron Snow;0;1998-09-23;Ron_Snow9898@qater.org;7-710-010-5234;Magnolia Lane, 5068
258;Hayden Logan;0;1998-04-05;Hayden_Logan5219@bretoux.com;3-358-486-6168;Fieldstone Grove, 1797
259;Rose Rogers;0;1997-01-20;Rose_Rogers7616@gompie.com;3-154-527-7335;Cheney  Rue, 4856
260;Juliette Reid;0;1999-03-19;Juliette_Reid9515@twipet.com;1-500-435-4557;Hamilton  Walk, 9659
261;Kenzie Allcott;0;1997-11-29;Kenzie_Allcott8492@supunk.biz;3-132-240-3337;Bel   Lane, 4580
262;Denny Eaton;0;1999-04-12;Denny_Eaton8488@twipet.com;3-414-103-3331;Unwin  Lane, 1173
263;Sarah Nielson;0;1997-01-03;Sarah_Nielson9073@vetan.org;5-618-278-7157;Canal  Walk, 1052
264;Eduardo Jarvis;0;2001-01-18;Eduardo_Jarvis6769@naiker.biz;3-243-848-3447;Ampton  Pass, 9933
265;Tony Rogers;0;1999-12-11;Tony_Rogers505@nanoff.biz;2-284-746-3588;Bethwin  Pass, 8264
266;Gil Hamilton;0;1998-07-31;Gil_Hamilton8962@cispeto.com;2-827-404-6630;Wakley   Vale, 9215
267;Marvin Hood;0;1997-10-19;Marvin_Hood8492@gembat.biz;2-203-168-6636;Thrale   Way, 5456
268;Camden Sanchez;0;2000-08-08;Camden_Sanchez6500@nickia.com;2-130-253-5736;Church Avenue, 4922
269;Sebastian Foxley;0;1997-02-20;Sebastian_Foxley4125@tonsy.org;3-515-504-5665;Longleigh   Tunnel, 8495
270;Miriam Terry;0;2002-05-25;Miriam_Terry8865@mafthy.com;1-668-247-2888;Maple Avenue, 937
271;Rocco Cooper;0;2000-01-05;Rocco_Cooper8628@sheye.org;3-321-410-4740;Kinglake  Crossroad, 8426
272;Maxwell Crawford;0;2002-06-01;Maxwell_Crawford2816@qater.org;1-403-155-8228;Meadow Hill, 425
273;Parker Gilmour;0;2001-12-02;Parker_Gilmour4822@deons.tech;1-841-507-1814;King Way, 4437
274;Denis Cartwright;0;2001-01-03;Denis_Cartwright9302@irrepsy.com;5-175-273-1263;Cingworth  Grove, 7143
275;Elle Hood;0;1998-05-31;Elle_Hood9915@infotech44.tech;6-730-478-6324;Apsley    Drive, 7073
276;Maya Wilson;0;2001-09-28;Maya_Wilson1790@cispeto.com;2-142-524-8151;Camberwell  Crossroad, 9465
277;Irene Pratt;0;2000-12-11;Irene_Pratt9351@qater.org;4-248-842-6542;Sheringham   Lane, 596
278;Anais Payne;0;1998-12-03;Anais_Payne7920@cispeto.com;4-545-584-1732;Becher  Road, 1230
279;Rufus Woodcock;0;1997-09-07;Rufus_Woodcock5043@qater.org;8-770-303-5566;Besson  Boulevard, 4998
280;Cynthia Tanner;0;1998-08-10;Cynthia_Tanner6191@deons.tech;4-114-733-1706;Bellenden   Walk, 8236
281;Bart Rainford;0;1997-08-12;Bart_Rainford2635@sveldo.biz;0-052-843-8026;Babmaes    Walk, 2547
282;Rose Ainsworth;0;2000-09-30;Rose_Ainsworth6058@infotech44.tech;0-780-110-8720;Chamberlain  Grove, 1363
283;Hope Garcia;0;1998-12-02;Hope_Garcia478@womeona.net;0-757-357-2130;Cobden  Route, 362
284;Macy Jones;0;2001-09-23;Macy_Jones7161@sveldo.biz;0-416-648-8682;College  Boulevard, 6006
285;Blake Morley;0;2001-12-19;Blake_Morley4213@corti.com;6-332-157-1436;Andsell    Boulevard, 3072
286;Colleen Rigg;0;1999-10-02;Colleen_Rigg603@tonsy.org;0-544-070-6368;Fairview Tunnel, 4192
287;Samara Overson;0;2001-06-25;Samara_Overson6159@sveldo.biz;0-240-162-1762;Apostle  Rue, 6287
288;Morgan Victor;0;2000-01-09;Morgan_Victor3185@bungar.biz;5-543-837-2644;Gautrey  Vale, 5843
289;Davina Harris;0;1998-02-09;Davina_Harris581@atink.com;5-120-537-2263;Thomas Doyle   Grove, 5966
290;Ada Harrison;0;2001-11-13;Ada_Harrison2129@twace.org;8-133-522-1243;Lake Tunnel, 6704
291;Hadley Mitchell;0;2000-09-08;Hadley_Mitchell8019@deavo.com;3-356-711-4330;West Crossroad, 2282
292;Sebastian Cassidy;0;1999-01-14;Sebastian_Cassidy9957@iatim.tech;0-537-555-0314;Lake Alley, 9587
293;Eryn Stevens;0;1999-04-30;Eryn_Stevens2237@twipet.com;4-875-101-6336;Magnolia Road, 5029
294;Ryan Oatway;0;2000-11-08;Ryan_Oatway3670@eirey.tech;8-236-403-8073;Kimberley  Crossroad, 8044
295;Hazel Brock;0;2002-04-27;Hazel_Brock3355@joiniaa.com;5-764-032-5006;Beaconsfield  Boulevard, 8397
296;Johnathan Spencer;0;1998-11-01;Johnathan_Spencer6496@vetan.org;4-672-347-2657;Bermondsey    Walk, 8283
297;Rosemary King;0;1997-10-19;Rosemary_King1364@zorer.org;6-543-610-5682;Baylis  Pass, 2203
298;Anthony Chadwick;0;1997-09-18;Anthony_Chadwick4651@dionrab.com;5-716-002-2737;Garfield Rue, 8231
299;Rhea Harrington;0;1997-06-05;Rhea_Harrington5249@mafthy.com;7-036-218-1424;Eldon  Hill, 6370
300;Matt Higgs;0;2001-04-28;Matt_Higgs8278@famism.biz;3-181-633-3102;Burton  Rue, 6071
301;Payton Robertson;0;2000-08-26;Payton_Robertson1739@bulaffy.com;4-365-361-0608;Besson  Way, 3785
302;Maxwell Evans;0;2002-01-12;Maxwell_Evans3149@acrit.org;5-333-456-4121;Ayres   Rue, 9940
303;Payton Cork;0;2001-06-28;Payton_Cork7070@vetan.org;5-505-310-7010;Battersea   Tunnel, 294
304;Cadence Overson;0;1998-05-17;Cadence_Overson4184@ovock.tech;3-101-126-6087;Cliffords  Walk, 4315
305;Leroy Hudson;0;1997-07-02;Leroy_Hudson5943@bulaffy.com;4-832-556-7716;Linda   Grove, 3504
306;Isabella Bailey;0;1997-10-20;Isabella_Bailey4304@bretoux.com;4-246-273-2662;Under  Vale, 7541
307;Elena Butler;0;1997-03-02;Elena_Butler970@brety.org;4-811-776-5706;Canal  Alley, 1713
308;Jack Noach;0;2001-07-03;Jack_Noach1528@brety.org;8-151-258-4734;Cliff  Crossroad, 1297
309;Martin Thomson;0;1997-06-19;Martin_Thomson4603@naiker.biz;7-838-155-1731;Camberwell  Road, 1586
310;Rufus Williams;0;2000-12-05;Rufus_Williams5379@liret.org;8-236-386-5142;Thrale   Street, 8897
311;Hayden Ulyatt;0;2001-10-31;Hayden_Ulyatt6685@bungar.biz;5-484-160-5136;Fieldstone Way, 7840
312;Wade Morris;0;2001-12-06;Wade_Morris7345@elnee.tech;3-528-663-7623;Commercial  Tunnel, 4373
313;Renee Holmes;0;1998-09-08;Renee_Holmes4961@irrepsy.com;0-008-067-5270;Hammersmith  Crossroad, 9225
314;Nicholas Dixon;0;1998-08-26;Nicholas_Dixon2395@yahoo.com;4-754-787-5071;Balham   Crossroad, 6496
315;Katelyn Rivers;0;1999-06-10;Katelyn_Rivers2353@qater.org;6-507-827-3370;Lonsdale  Street, 4481
316;Matt Wellington;0;2000-07-10;Matt_Wellington6826@brety.org;8-525-424-0128;Ensign   Crossroad, 7218
317;Logan Woodley;0;2000-02-08;Logan_Woodley7907@sveldo.biz;4-777-066-1108;Arctic   Vale, 7546
318;Denny Eagle;0;1999-04-30;Denny_Eagle2414@womeona.net;3-245-772-7315;Timothy  Walk, 6356
319;Chelsea Wheeler;0;1997-08-01;Chelsea_Wheeler9263@mafthy.com;0-067-185-7722;Union  Avenue, 5518
320;Juliet Ashwell;0;1997-05-01;Juliet_Ashwell5697@famism.biz;7-674-341-3546;Elgood   Hill, 410
321;Rhea Roth;0;1999-09-06;Rhea_Roth4750@gembat.biz;8-725-686-3540;Magnolia Vale, 4228
322;Maxwell Woodley;0;2000-05-29;Maxwell_Woodley8168@sveldo.biz;5-736-165-7534;Chester      Way, 1460
323;Caleb Rixon;0;1999-11-12;Caleb_Rixon5369@twace.org;7-545-805-7206;Chesterfield  Walk, 2544
324;Michael Funnell;0;1997-01-13;Michael_Funnell6002@cispeto.com;7-041-367-6106;Comet House  Alley, 6640
325;Sydney Hall;0;1997-03-08;Sydney_Hall8560@kideod.biz;0-223-303-1521;Castlereagh   Hill, 3518
326;Alexa Corbett;0;1997-08-04;Alexa_Corbett1006@nimogy.biz;0-742-738-2685;Lake Crossroad, 1030
327;Chad Wright;0;1999-08-09;Chad_Wright9682@infotech44.tech;5-377-474-2785;Linden Avenue, 9318
328;Shannon Larkin;0;1999-02-27;Shannon_Larkin9386@zorer.org;1-168-667-0318;Thomas Doyle   Walk, 205
329;Amelia Brown;0;2000-10-16;Amelia_Brown2684@bungar.biz;7-462-043-4264;Linda   Rue, 7121
330;Harvey Young;0;2001-04-24;Harvey_Young5701@famism.biz;0-410-428-1371;Spruce Grove, 9163
331;Caydence Leigh;0;2000-11-22;Caydence_Leigh2944@bretoux.com;7-743-174-0824;Kilner   Crossroad, 8964
332;Noah Tennant;0;2000-07-04;Noah_Tennant5097@qater.org;4-803-313-8761;Duthie   Tunnel, 9683
333;Mike Murray;0;2001-12-30;Mike_Murray9850@tonsy.org;5-610-335-1338;Kinglake  Grove, 1459
334;Rita Cartwright;0;2001-10-05;Rita_Cartwright6925@grannar.com;0-824-120-2246;Andsell    Hill, 2834
335;William Andrews;0;2000-02-16;William_Andrews3274@infotech44.tech;4-586-771-3271;Endsleigh  Vale, 749
336;Victoria Moore;0;2000-05-14;Victoria_Moore7559@nickia.com;7-774-733-8568;Aspen Crossroad, 2720
337;Leroy Mcleod;0;1999-06-24;Leroy_Mcleod3525@liret.org;8-867-737-6468;Coborn  Lane, 155
338;Bryon Hewitt;0;1999-11-27;Bryon_Hewitt2056@liret.org;0-110-643-2045;Lincoln Avenue, 1179
339;Caleb Price;0;2000-08-26;Caleb_Price8763@gembat.biz;6-207-046-6866;Bingham   Way, 6068
340;Chester Nayler;0;1999-09-12;Chester_Nayler3036@dionrab.com;7-143-381-6018;Bayberry Crossroad, 6214
341;Nicholas Baldwin;0;2000-07-15;Nicholas_Baldwin7654@elnee.tech;8-824-736-8631;Bazely   Way, 5542
342;Sarah Baldwin;0;2002-06-07;Sarah_Baldwin6395@sveldo.biz;4-457-646-6707;Enford   Grove, 543
343;Chadwick Knott;0;1997-04-06;Chadwick_Knott6811@supunk.biz;0-650-072-1827;Chancellor  Road, 2208
344;Gina Woods;0;1998-05-25;Gina_Woods8344@yahoo.com;6-233-523-3061;Caldwell   Road, 1080
345;Phillip Potts;0;2002-01-04;Phillip_Potts6532@liret.org;3-172-633-2216;Howard Pass, 7363
346;Fred Mitchell;0;2001-09-27;Fred_Mitchell8761@vetan.org;4-882-871-8700;Empress  Tunnel, 7358
347;Trisha Noach;0;1997-04-05;Trisha_Noach3178@jiman.org;6-837-132-8144;Apothecary   Boulevard, 8431
348;Luke Payne;0;2000-08-26;Luke_Payne6740@naiker.biz;1-878-805-8116;Carpenter Route, 5820
349;Lynn Neal;0;1998-06-26;Lynn_Neal7334@gmail.com;6-682-871-3401;Black Friars   Crossroad, 3411
350;Leroy Gordon;0;2000-04-28;Leroy_Gordon6461@nimogy.biz;6-740-535-7345;Blackheath  Street, 423
351;Mason Shaw;0;2000-02-09;Mason_Shaw2353@elnee.tech;1-612-328-3100;Capeners  Grove, 4505
352;Trisha Gates;0;2001-10-10;Trisha_Gates2217@gembat.biz;1-108-333-4543;Linden Route, 4097
353;Megan Freeburn;0;1999-08-20;Megan_Freeburn1253@naiker.biz;2-133-626-3684;Wake  Alley, 3090
354;Logan Walsh;0;2001-11-06;Logan_Walsh565@atink.com;3-106-735-7103;Buttonwood Pass, 9148
355;Chanelle Poulton;0;1997-06-25;Chanelle_Poulton9058@elnee.tech;8-817-064-6020;Blore  Street, 7283
356;Doug Russell;0;2000-07-04;Doug_Russell6890@mafthy.com;5-580-346-3746;Pine Pass, 6240
357;Rufus Anderson;0;1997-08-12;Rufus_Anderson6539@zorer.org;7-858-841-4422;Abbots   Vale, 1012
358;Rachael Ventura;0;1998-09-30;Rachael_Ventura4156@muall.tech;7-346-064-2187;Carpenter Alley, 8164
359;Harvey Mcgee;0;1997-12-23;Harvey_Mcgee4104@sveldo.biz;3-334-115-3232;Linda   Way, 4382
360;Angelique Slater;0;2000-03-07;Angelique_Slater3697@ovock.tech;5-253-745-1742;Coal Wharf  Tunnel, 6722
361;Chadwick Owens;0;2001-12-30;Chadwick_Owens7570@sveldo.biz;8-315-117-2504;Armory  Vale, 4874
362;Sara Kerr;0;2000-05-24;Sara_Kerr3611@twipet.com;4-346-758-7271;Tilson  Alley, 6597
363;Maya Dann;0;2000-04-17;Maya_Dann8261@hourpy.biz;1-737-684-2750;Glenwood Tunnel, 6502
364;Gil Wright;0;2001-03-20;Gil_Wright9337@naiker.biz;5-080-250-6164;Emily  Walk, 4027
365;Alan Miller;0;2000-03-09;Alan_Miller9807@ovock.tech;5-747-588-5720;Balfour    Walk, 7487
366;Rosemary Phillips;0;2001-05-10;Rosemary_Phillips7232@ubusive.com;6-583-144-5660;Beaumont  Street, 7443
367;Peter Oakley;0;1999-02-02;Peter_Oakley7135@muall.tech;8-414-741-0884;Cave   Street, 6716
368;Hailey Lynch;0;1998-04-26;Hailey_Lynch6792@kideod.biz;5-483-178-8200;Caxton  Lane, 681
369;Renee Pickard;0;1998-08-26;Renee_Pickard6582@extex.org;4-713-833-3520;Bellenden   Drive, 9087
370;Roger Oldfield;0;2001-07-17;Roger_Oldfield1769@brety.org;5-617-574-4084;Vintners  Hill, 9175
371;Gil Gardner;0;2001-12-08;Gil_Gardner8788@womeona.net;0-573-314-3230;Clifton  Way, 7215
372;Elly Flanders;0;1998-11-22;Elly_Flanders4332@kideod.biz;5-178-240-6061;Oxford Vale, 7876
373;Rhea Cattell;0;1998-11-13;Rhea_Cattell4764@acrit.org;7-308-137-7851;Linden Tunnel, 5513
374;Charlize Dempsey;0;1997-04-01;Charlize_Dempsey4501@gompie.com;3-000-438-1217;Adams  Hill, 2658
375;Cedrick Wheeler;0;1998-11-17;Cedrick_Wheeler9369@iatim.tech;1-484-604-4437;Under  Drive, 741
376;Domenic Owen;0;2001-12-23;Domenic_Owen4490@womeona.net;6-722-278-1843;Blackpool  Avenue, 5085
377;Sonya Harrington;0;2001-11-21;Sonya_Harrington7687@iatim.tech;5-707-321-0560;Clavell   Way, 4386
378;Harmony Notman;0;1997-05-14;Harmony_Notman5325@twace.org;7-756-202-1782;Clissold  Avenue, 2168
379;Oliver Bishop;0;2000-11-24;Oliver_Bishop5044@twipet.com;2-734-865-8406;Epworth  Lane, 7841
380;Manuel Kelly;0;1998-04-06;Manuel_Kelly3682@deavo.com;2-068-186-6725;Boldero   Drive, 9298
381;Daron Gray;0;1997-07-10;Daron_Gray7816@extex.org;0-738-436-3080;Sheringham   Avenue, 2391
382;Domenic London;0;1999-09-15;Domenic_London3428@womeona.net;5-830-181-5040;Glenwood Vale, 7269
383;Ethan Yoman;0;1997-05-15;Ethan_Yoman8566@hourpy.biz;0-047-883-8062;Tisbury  Road, 1581
384;Cassidy Carter;0;2000-03-11;Cassidy_Carter4445@womeona.net;6-605-858-7160;Arthur  Drive, 6354
385;Barry Notman;0;2002-05-14;Barry_Notman8258@zorer.org;8-085-458-7254;Armory  Street, 9188
386;Chad Thorpe;0;1997-02-17;Chad_Thorpe9548@zorer.org;3-735-540-4477;Black Friars   Way, 9883
387;Lucas Johnson;0;2001-10-05;Lucas_Johnson4511@naiker.biz;7-231-271-6681;Blomfield  Walk, 1315
388;Nathan Yoman;0;2000-07-24;Nathan_Yoman3965@sheye.org;6-426-571-0180;Hammersmith  Route, 1820
389;Ema Reid;0;1998-07-24;Ema_Reid4775@joiniaa.com;1-227-564-4734;Ely  Pass, 9052
390;Camila Reyes;0;1999-11-06;Camila_Reyes6906@grannar.com;5-102-457-2510;Ernest  Grove, 4084
391;Oliver Evans;0;1997-07-29;Oliver_Evans8343@elnee.tech;4-847-252-4746;Durham Way, 5337
392;Anthony Ingram;0;1999-01-17;Anthony_Ingram6825@naiker.biz;5-078-411-3367;Cleveland  Route, 361
393;Rae Gunn;0;2001-08-12;Rae_Gunn7352@sheye.org;3-006-520-8771;Amwell    Walk, 3834
394;Rocco Yoman;0;2000-05-01;Rocco_Yoman8451@yahoo.com;0-803-358-3182;Thurloe   Crossroad, 4788
395;Peter Smith;0;2002-05-08;Peter_Smith2284@tonsy.org;8-114-254-3850;Bond Crossroad, 5677
396;Johnathan Cann;0;1998-04-14;Johnathan_Cann4841@bungar.biz;7-371-888-8376;Elystan  Street, 2318
397;Rick Sloan;0;2000-11-27;Rick_Sloan7861@corti.com;5-825-581-2242;Bloomsbury  Vale, 4183
398;Logan Kaur;0;2002-06-04;Logan_Kaur1169@joiniaa.com;5-413-513-0007;Babmaes    Tunnel, 5952
399;Makena Howard;0;1997-09-29;Makena_Howard9298@bulaffy.com;0-131-042-0244;Bingham   Street, 4359
400;Harry Pierce;0;1999-07-21;Harry_Pierce2854@twace.org;1-814-546-5664;Blackheath  Vale, 2083
401;Nicholas Jeffery;0;2002-05-31;Nicholas_Jeffery7691@bulaffy.com;1-835-353-6560;Canon Vale, 9735
402;Benjamin Rossi;0;1999-10-07;Benjamin_Rossi6509@bretoux.com;4-384-643-6330;Bond Hill, 3062
403;Darlene Mcguire;0;1997-05-09;Darlene_Mcguire842@infotech44.tech;8-361-288-8846;Bigland  Street, 4256
404;Oliver Morris;0;2001-05-06;Oliver_Morris754@extex.org;3-252-638-6833;Catherine  Street, 504
405;Rhea Bowen;0;1998-05-07;Rhea_Bowen8597@kideod.biz;6-706-763-3173;King William  Walk, 6441
406;Elijah Cooper;0;2000-07-27;Elijah_Cooper7614@gmail.com;7-461-233-8457;Fairholt   Grove, 7450
407;Makenzie Richardson;0;2002-01-19;Makenzie_Richardson8404@naiker.biz;5-301-716-0884;Garfield Street, 1109
408;Rylee Vallins;0;2000-05-16;Rylee_Vallins9179@brety.org;2-488-623-4106;Linden Pass, 1931
409;Oliver Sloan;0;1998-08-25;Oliver_Sloan9285@gompie.com;3-843-052-8066;Carol   Rue, 8794
410;Roger Kidd;0;2001-05-06;Roger_Kidd4453@ovock.tech;7-870-012-0737;Clyde Road, 1551
411;Tania Clayton;0;1997-06-15;Tania_Clayton336@joiniaa.com;4-655-533-5380;Hampden  Route, 2519
412;Ethan Evans;0;2001-10-21;Ethan_Evans8046@acrit.org;1-871-530-6465;Badric  Route, 4240
413;Rosie Turner;0;1997-12-12;Rosie_Turner49@joiniaa.com;4-136-277-1863;Rosewood Rue, 7853
414;Beatrice Hudson;0;2001-09-18;Beatrice_Hudson8234@infotech44.tech;1-622-036-3714;Emily  Road, 2200
415;Alexander Underhill;0;1997-04-24;Alexander_Underhill9956@bulaffy.com;7-736-412-4361;Chelsea Manor  Drive, 518
416;Kurt Kennedy;0;1999-10-01;Kurt_Kennedy1836@irrepsy.com;1-454-283-1317;Apothecary   Grove, 5849
417;Katelyn Miller;0;2000-01-08;Katelyn_Miller8570@bungar.biz;5-727-731-3562;Chartham  Vale, 8348
418;Kieth James;0;1997-11-08;Kieth_James1541@nimogy.biz;1-108-105-0735;Gavel   Rue, 469
419;Ryan Booth;0;1999-04-01;Ryan_Booth1294@acrit.org;5-344-100-1640;Yoakley Way, 8054
420;Ramon Richardson;0;1998-01-27;Ramon_Richardson5355@qater.org;8-844-644-7807;Monroe Avenue, 7185
421;Cassidy Hastings;0;2000-11-21;Cassidy_Hastings5957@bulaffy.com;3-632-331-6305;Bayberry Avenue, 6559
422;Lorraine Higgs;0;2001-05-25;Lorraine_Higgs7602@gmail.com;8-263-456-6330;Catherine  Rue, 2835
423;Rhea Nelson;0;1998-07-24;Rhea_Nelson9013@liret.org;1-733-548-4763;Thorndike   Drive, 7142
424;George Pickard;0;1998-04-18;George_Pickard4766@vetan.org;8-121-017-2800;Viscount   Avenue, 1421
425;Bart Johnson;0;2001-01-01;Bart_Johnson2867@qater.org;2-342-260-5152;South Tunnel, 3061
426;Erick Attwood;0;1999-05-04;Erick_Attwood9440@atink.com;4-376-171-1252;Adams  Crossroad, 5610
427;Camellia Wilde;0;2001-07-12;Camellia_Wilde2695@nickia.com;8-675-520-7431;Clarges   Lane, 5168
428;Harriet Carson;0;2001-01-04;Harriet_Carson60@jiman.org;4-234-648-0216;Bacton   Drive, 4033
429;Scarlett Asher;0;1998-02-13;Scarlett_Asher6547@corti.com;8-861-484-2784;Gate   Route, 2523
430;Nate Wood;0;1998-09-04;Nate_Wood1503@nimogy.biz;8-363-470-1576;West Hill, 9788
431;Juliette Rogan;0;2002-05-09;Juliette_Rogan5002@famism.biz;6-227-333-6572;Cliffords  Pass, 8232
432;Bart Hogg;0;1997-12-14;Bart_Hogg6410@zorer.org;1-308-118-1743;Canal  Alley, 1958
433;Julius Salt;0;2000-04-07;Julius_Salt2980@jiman.org;5-556-410-5413;Elf  Avenue, 2890
434;Hadley Osmond;0;2000-01-14;Hadley_Osmond3919@zorer.org;3-740-853-4270;Rosewood Boulevard, 5980
435;Leanne Brett;0;1999-04-25;Leanne_Brett6717@sveldo.biz;3-330-548-7016;Linden Crossroad, 44
436;Carissa Cobb;0;2000-06-10;Carissa_Cobb4034@naiker.biz;0-581-563-5066;Coborn  Rue, 5561
437;Enoch Owen;0;2000-08-07;Enoch_Owen5647@elnee.tech;6-385-861-4705;Apothecary   Grove, 6779
438;Denny Bryson;0;1997-03-23;Denny_Bryson938@ovock.tech;3-522-562-3441;Vincent  Walk, 6288
439;Peter Waterhouse;0;2002-05-28;Peter_Waterhouse532@tonsy.org;2-060-736-7054;Lexington Road, 5613
440;Oliver Samuel;0;1999-10-28;Oliver_Samuel2505@supunk.biz;4-601-781-1833;Enderby   Street, 8846
441;Lara Alcroft;0;1998-10-24;Lara_Alcroft2881@sveldo.biz;0-831-322-8286;Chartham  Boulevard, 7845
442;Karen Boyle;0;1998-10-17;Karen_Boyle6878@kideod.biz;1-612-631-0515;Oxford Boulevard, 3565
443;Susan Sawyer;0;1997-05-17;Susan_Sawyer5170@muall.tech;3-577-733-6834;Belmore  Avenue, 2658
444;Harry Addison;0;1999-01-02;Harry_Addison7014@bauros.biz;7-418-385-5250;Collent   Way, 9413
445;Lillian Osman;0;2002-03-27;Lillian_Osman8406@deons.tech;2-580-882-4567;Eldon  Boulevard, 6554
446;Daniel Veale;0;2002-05-20;Daniel_Veale4160@womeona.net;3-506-165-0004;Queen Route, 5215
447;Mayleen Flynn;0;1997-03-25;Mayleen_Flynn7816@yahoo.com;1-633-638-6470;English   Route, 9580
448;Tony Dixon;0;1999-05-11;Tony_Dixon8632@sheye.org;8-375-003-8455;Fairbairn  Lane, 7555
449;Vicky Garcia;0;2001-12-18;Vicky_Garcia3640@extex.org;4-638-333-8138;Durnford  Road, 7992
450;Nancy Wellington;0;1997-03-28;Nancy_Wellington7540@atink.com;3-331-864-8653;Calshot   Crossroad, 6221
451;Wendy Kent;0;1997-09-27;Wendy_Kent9331@gmail.com;2-080-681-7075;King Hill, 103
452;Caleb Ventura;0;1998-08-29;Caleb_Ventura6258@irrepsy.com;7-340-342-2630;Bell    Road, 9028
453;Hayden Cobb;0;1998-10-03;Hayden_Cobb2596@grannar.com;5-824-370-5565;Arlington  Walk, 1598
454;Elly White;0;2000-02-20;Elly_White5462@guentu.biz;2-556-478-2857;Bective  Alley, 1212
455;Liam John;0;2000-08-03;Liam_John4321@naiker.biz;7-616-440-3700;Canon Lane, 8359
456;Michael Norris;0;1999-02-15;Michael_Norris9788@liret.org;6-638-028-1377;Tilson  Alley, 3613
457;Rowan Salt;0;1997-01-26;Rowan_Salt9836@sveldo.biz;0-031-860-6284;Longmoore   Drive, 645
458;Gabriel Robertson;0;2001-04-18;Gabriel_Robertson837@atink.com;0-171-471-0275;Meadow Lane, 6081
459;Kieth Hogg;0;2001-06-19;Kieth_Hogg5787@yahoo.com;0-327-180-2888;Andrews  Drive, 1277
460;Michael Tait;0;1998-03-13;Michael_Tait4073@nimogy.biz;6-308-331-5331;Marina  Pass, 3274
461;Gloria Rodwell;0;2001-03-05;Gloria_Rodwell3@gembat.biz;1-787-038-3466;Enford   Grove, 1083
462;Andrea Howard;0;1998-10-04;Andrea_Howard7805@elnee.tech;7-108-670-6261;Bigland  Alley, 5372
463;Moira Carpenter;0;2000-12-18;Moira_Carpenter169@naiker.biz;4-816-480-4233;Sherlock   Hill, 1030
464;Alan Butler;0;1997-07-07;Alan_Butler2251@eirey.tech;7-035-218-0363;Rosewood Road, 5672
465;Renee Garcia;0;2000-11-12;Renee_Garcia6547@elnee.tech;8-861-420-4826;Cam  Way, 933
466;Bryce White;0;2001-03-14;Bryce_White1406@mafthy.com;3-637-225-2625;Ayres   Rue, 5825
467;Jamie Shaw;0;2000-08-27;Jamie_Shaw2836@twipet.com;5-433-761-5073;Bales  Avenue, 1337
468;Logan Blackburn;0;1999-04-29;Logan_Blackburn9@nickia.com;5-137-460-5313;Bermondsey    Route, 8279
469;Lauren Donnelly;0;2002-02-21;Lauren_Donnelly3466@ubusive.com;4-334-811-2257;Fairbairn  Street, 4971
470;Sara Archer;0;2000-03-27;Sara_Archer1354@acrit.org;0-845-433-4027;Bective  Grove, 999
471;Elena Blackwall;0;1997-07-05;Elena_Blackwall5768@yahoo.com;5-257-643-3128;Bloomsbury  Hill, 5040
472;Ron Clayton;0;2001-08-26;Ron_Clayton3450@grannar.com;4-577-572-0148;Chart   Route, 9358
473;Mavis Willis;0;2001-11-02;Mavis_Willis4305@naiker.biz;5-584-821-7426;Cavell   Street, 8886
474;Julian Butler;0;2001-03-10;Julian_Butler5848@nickia.com;1-620-085-6807;Elizabeth  Tunnel, 6840
475;Denny Hunter;0;2001-09-02;Denny_Hunter6779@zorer.org;3-738-362-5808;Bicknell  Pass, 6142
476;William Rowan;0;1997-04-07;William_Rowan3841@deavo.com;3-015-571-0047;Bliss  Vale, 7375
477;Leroy Preston;0;2001-09-18;Leroy_Preston2693@guentu.biz;5-638-658-8781;Lake Drive, 1638
478;Matthew Maxwell;0;1999-09-30;Matthew_Maxwell8724@muall.tech;0-285-614-4411;Cockspur  Crossroad, 1421
479;Clint Knight;0;1999-04-24;Clint_Knight9873@sheye.org;0-067-712-3560;Buttonwood Rue, 7935
480;Joyce Whinter;0;1998-01-18;Joyce_Whinter8079@womeona.net;3-572-366-7514;Blandford  Avenue, 9427
481;Johnathan James;0;2002-05-13;Johnathan_James7385@typill.biz;1-647-754-3825;Meadow Tunnel, 9450
482;Alexander Davies;0;1998-10-04;Alexander_Davies1325@bulaffy.com;4-346-021-2557;Fawn Avenue, 9457
483;Noah Squire;0;2002-02-09;Noah_Squire9437@gompie.com;0-644-050-2507;Canal  Grove, 2913
484;Camellia Verdon;0;1998-01-30;Camellia_Verdon4592@ubusive.com;3-760-424-4257;Fairfield  Drive, 5544
485;Henry Wright;0;2000-01-09;Henry_Wright7159@extex.org;4-535-676-8753;Carlisle  Hill, 3395
486;George Mackenzie;0;2000-06-28;George_Mackenzie6742@hourpy.biz;8-816-233-2758;Belmore  Route, 1290
487;Beatrice Greenwood;0;1999-03-01;Beatrice_Greenwood5343@joiniaa.com;2-608-308-1577;Bolton  Pass, 4942
488;Chad Abbey;0;1997-06-30;Chad_Abbey6896@dionrab.com;1-323-887-6834;Sherwood  Drive, 1625
489;Gloria Hall;0;1998-11-20;Gloria_Hall6141@iatim.tech;8-241-055-7855;Ben   Hill, 627
490;Regina Brooks;0;1997-01-12;Regina_Brooks2034@grannar.com;1-202-170-3557;Tilloch   Alley, 4086
491;Hailey Alldridge;0;1999-11-20;Hailey_Alldridge3159@eirey.tech;8-046-243-6476;King Edward  Crossroad, 9250
492;Russel Verdon;0;2000-12-12;Russel_Verdon7410@sheye.org;5-530-845-5170;Coal Wharf  Tunnel, 6255
493;Enoch Tyrrell;0;1997-02-24;Enoch_Tyrrell3908@dionrab.com;8-777-351-2712;Ellerman   Vale, 8467
494;Tyson Everett;0;1999-07-14;Tyson_Everett8132@sheye.org;0-781-274-4215;Marischal  Vale, 1258
495;Javier Clark;0;1999-06-09;Javier_Clark138@deavo.com;8-837-533-7510;Waldram Park  Road, 4607
496;Tom Sanchez;0;2000-08-22;Tom_Sanchez5618@elnee.tech;3-256-157-5781;Howard Street, 8301
497;Louise Seymour;0;1997-12-05;Louise_Seymour507@twipet.com;5-640-172-8834;Battersea   Avenue, 110
498;Rihanna Porter;0;2001-09-25;Rihanna_Porter9272@elnee.tech;2-133-513-5120;King Road, 6981
499;Johnathan Thomson;0;1997-08-21;Johnathan_Thomson7238@bauros.biz;5-845-026-7452;Waite  Lane, 8213
500;Owen Hooper;0;2002-03-31;Owen_Hooper4771@yahoo.com;4-460-657-7653;Cheney  Grove, 380
501;Jayden Lindop;0;2002-02-02;Jayden_Lindop7602@cispeto.com;5-738-147-3808;Kinglake  Vale, 3886
502;Gil Vass;0;1997-08-06;Gil_Vass5258@famism.biz;8-533-372-8678;Dunsley  Vale, 2578
503;Ivy Clarke;0;1997-07-20;Ivy_Clarke5317@yahoo.com;2-813-384-2817;Elgood   Route, 8076
504;Peter Purvis;0;2000-04-17;Peter_Purvis1688@acrit.org;0-738-554-0345;Maple Grove, 2123
505;Jolene Chadwick;0;1999-09-15;Jolene_Chadwick3385@hourpy.biz;3-713-564-2714;Sheffield Hill, 9218
506;Kirsten Ross;0;1999-01-23;Kirsten_Ross7896@naiker.biz;6-206-185-0468;Sherlock   Alley, 4458
507;Jackeline Hamilton;0;2000-11-21;Jackeline_Hamilton9055@yahoo.com;7-003-857-7740;Coalecroft  Vale, 4673
508;Paige Tobin;0;1997-04-09;Paige_Tobin6026@typill.biz;7-334-657-0872;Canon Pass, 785
509;Anne Murphy;0;2001-05-03;Anne_Murphy125@yahoo.com;0-324-757-7421;Clarks  Lane, 5854
510;Elena Crawley;0;1997-03-12;Elena_Crawley9150@liret.org;3-263-546-4273;Apostle  Vale, 4466
511;Makenzie Partridge;0;2001-08-07;Makenzie_Partridge5167@zorer.org;6-134-510-7411;Ben   Street, 663
512;Tony Jenkin;0;1998-08-06;Tony_Jenkin5257@bretoux.com;8-608-085-2273;Oxford Boulevard, 3013
513;Cecilia Hope;0;1999-05-23;Cecilia_Hope9378@womeona.net;8-820-571-5417;Chapel  Walk, 4818
514;Payton Addis;0;2000-03-07;Payton_Addis7674@yahoo.com;7-736-463-5201;Chicksand  Drive, 7174
515;Doug Lynn;0;1999-12-11;Doug_Lynn4943@bungar.biz;2-501-101-0318;Andsell    Street, 3022
516;Phillip Gibbons;0;1998-10-30;Phillip_Gibbons6003@gmail.com;2-277-477-7138;Sheringham   Vale, 3900
517;Sonya Ellison;0;2001-09-12;Sonya_Ellison9821@liret.org;7-534-362-8552;Chart   Lane, 2387
518;Mary Bullock;0;2000-08-14;Mary_Bullock2733@gembat.biz;8-228-142-7420;Pine Street, 1620
519;Juliette Mason;0;1997-11-09;Juliette_Mason8578@grannar.com;5-823-715-1044;Fieldstone Street, 560
520;Marilyn Knott;0;1997-12-02;Marilyn_Knott8179@nanoff.biz;0-481-186-8606;Belfort  Drive, 8931
521;Jacqueline Knight;0;1998-04-19;Jacqueline_Knight7618@bauros.biz;1-336-006-0077;Bede  Drive, 8951
522;Juliette Willson;0;1997-11-26;Juliette_Willson4823@gmail.com;7-226-083-7526;Ely  Rue, 6969
523;Esmeralda Tait;0;2000-06-06;Esmeralda_Tait1170@nickia.com;0-563-758-0350;Fawn Grove, 7542
524;Oliver Dowson;0;2000-08-06;Oliver_Dowson2527@atink.com;3-606-552-6465;Parkfields Alley, 4023
525;George Goldsmith;0;1998-11-13;George_Goldsmith6704@dionrab.com;7-854-817-8674;Buttonwood Way, 8740
526;Freya Bradshaw;0;2000-10-19;Freya_Bradshaw8539@grannar.com;1-140-756-8056;Bede  Walk, 9589
527;Tara Sherry;0;1998-07-14;Tara_Sherry6064@dionrab.com;8-622-611-1183;Hickory Lane Tunnel, 4046
528;Regina Denton;0;2000-04-18;Regina_Denton9231@muall.tech;0-326-271-8151;Caroline  Boulevard, 5069
529;William Harris;0;1999-10-16;William_Harris4604@irrepsy.com;7-845-483-1300;Dunstable   Lane, 4187
530;Maggie White;0;2000-11-29;Maggie_White1549@typill.biz;7-408-151-3358;St. Pauls  Walk, 7543
531;Tess Quinnell;0;1997-11-20;Tess_Quinnell2914@bretoux.com;3-527-152-2561;Bingham   Alley, 4001
532;Daria Rogers;0;1998-07-26;Daria_Rogers9631@ovock.tech;6-112-834-3242;Liverpool  Tunnel, 9378
533;Matt Irwin;0;2000-02-28;Matt_Irwin6356@dionrab.com;0-204-848-5636;Charterhouse  Way, 148
534;Luke Tutton;0;1999-05-15;Luke_Tutton8646@bauros.biz;6-261-751-5101;Howard Drive, 9159
535;Christy Camden;0;1997-06-28;Christy_Camden6137@gmail.com;1-845-324-6824;Baltic  Street, 1761
536;Gil Moore;0;2001-05-20;Gil_Moore5006@infotech44.tech;2-404-352-3418;Ampton  Street, 3614
537;Kurt Dyson;0;2002-04-19;Kurt_Dyson4356@nickia.com;6-352-783-0750;Hamilton  Vale, 3965
538;Abbey Barrett;0;1999-04-11;Abbey_Barrett2495@mafthy.com;0-606-471-2177;Kingly  Alley, 7218
539;Domenic Kent;0;1997-09-15;Domenic_Kent1999@atink.com;7-344-258-3447;Comet House  Hill, 8414
540;Manuel Boden;0;1999-09-01;Manuel_Boden3016@dionrab.com;6-462-270-1574;Waite  Route, 389
541;Anthony Haines;0;2001-10-17;Anthony_Haines2524@nanoff.biz;7-432-735-3742;Commercial  Road, 4880
542;Marla Andersson;0;1999-11-15;Marla_Andersson38@nickia.com;6-776-558-0142;Littlebury  Rue, 9101
543;Brad Holmes;0;2001-03-18;Brad_Holmes465@twipet.com;3-434-875-0478;Bedford  Avenue, 9990
544;Eduardo Sherwood;0;1997-01-11;Eduardo_Sherwood7403@gompie.com;5-681-411-2064;Udall   Tunnel, 2615
545;Ramon Nicholls;0;2001-08-14;Ramon_Nicholls8156@jiman.org;0-200-770-8058;Bethwin  Walk, 9559
546;Gil Tutton;0;1997-11-26;Gil_Tutton9498@gompie.com;3-658-347-8474;Spruce Lane, 4500
547;Eryn Ripley;0;2001-11-11;Eryn_Ripley3589@irrepsy.com;2-054-445-8316;Abourne   Grove, 1850
548;Matthew Redden;0;1998-11-16;Matthew_Redden2994@sveldo.biz;6-578-081-3601;Linden Lane, 7853
549;Penny Wilton;0;1998-04-25;Penny_Wilton2271@typill.biz;5-151-330-8408;Bigland  Lane, 6329
550;Rowan Gates;0;1997-07-07;Rowan_Gates2369@guentu.biz;8-847-241-1347;Cam  Pass, 4658
551;Enoch Nicolas;0;2001-10-24;Enoch_Nicolas9928@bulaffy.com;0-663-788-2232;Virginia Street, 9139
552;Lily Andrews;0;1997-12-12;Lily_Andrews1278@gmail.com;8-023-523-4580;Elgood   Alley, 5420
553;Chadwick Clifford;0;2000-01-11;Chadwick_Clifford4034@typill.biz;4-748-633-4483;Bennett  Route, 4851
554;Ada Quinnell;0;1997-05-10;Ada_Quinnell1907@corti.com;3-128-501-4441;Bush  Hill, 1138
555;Danny Ross;0;2002-01-11;Danny_Ross7636@nickia.com;6-750-170-6023;Enderby   Rue, 4246
556;Joseph Avery;0;1998-09-01;Joseph_Avery1799@nickia.com;8-160-641-6854;Caroline  Alley, 56
557;Henry Riley;0;2001-06-24;Henry_Riley1715@fuliss.net;5-263-111-7241;Erindale Crossroad, 4344
558;Penny Gilbert;0;1999-12-01;Penny_Gilbert1560@hourpy.biz;3-632-545-0171;Lexington Walk, 118
559;Roger Thomas;0;2001-04-06;Roger_Thomas8756@ubusive.com;1-500-517-6544;Cheltenham  Rue, 7837
560;Oliver Woodley;0;1997-01-21;Oliver_Woodley6523@acrit.org;8-217-165-8643;Waite  Hill, 5253
561;Anthony Addis;0;2001-03-22;Anthony_Addis3545@muall.tech;3-241-345-7442;Garfield Pass, 4839
562;Danny Bell;0;1997-08-23;Danny_Bell2818@vetan.org;3-087-567-0646;Battis   Avenue, 7107
563;Monica Hammond;0;2001-12-26;Monica_Hammond2973@acrit.org;6-445-060-5606;Birkin   Alley, 3788
564;Gabriel Bell;0;1998-05-01;Gabriel_Bell647@brety.org;8-845-142-3806;King Edward  Boulevard, 1224
565;Angelina Stevenson;0;2000-05-09;Angelina_Stevenson7983@muall.tech;4-861-521-6656;Charterhouse  Hill, 5178
566;Eduardo Dwyer;0;2001-10-27;Eduardo_Dwyer3490@famism.biz;3-878-176-1003;Catherine  Pass, 4052
567;Owen Coleman;0;2000-09-29;Owen_Coleman5829@grannar.com;5-216-638-0617;Collins  Street, 7450
568;Chuck Hilton;0;1999-03-21;Chuck_Hilton2406@irrepsy.com;3-467-505-3273;Belmont Park Pass, 9982
569;Kieth Forester;0;2000-08-15;Kieth_Forester8957@dionrab.com;1-876-402-8036;Thomas Doyle   Street, 696
570;Mackenzie Walsh;0;2000-08-12;Mackenzie_Walsh8702@cispeto.com;5-878-643-5434;South Drive, 8706
571;Tony Phillips;0;1998-12-20;Tony_Phillips9550@twace.org;7-828-051-3433;Parkfields Walk, 6862
572;Cameron Tate;0;2001-02-14;Cameron_Tate7673@mafthy.com;4-368-345-5557;Kimberley  Road, 4230
573;Daron Benson;0;1997-12-24;Daron_Benson5784@nickia.com;4-423-440-6613;Kilner   Hill, 3240
574;Jenna Wild;0;1997-10-22;Jenna_Wild9530@naiker.biz;0-173-773-7486;Beaumont  Avenue, 1776
575;Elijah Niles;0;1998-06-23;Elijah_Niles7074@deavo.com;0-835-103-7045;Virginia Tunnel, 6195
576;Darlene Norris;0;1998-06-14;Darlene_Norris8303@fuliss.net;1-475-516-7824;Camera  Grove, 4015
577;Elena Selby;0;2002-02-05;Elena_Selby8252@bungar.biz;7-582-074-7818;Central  Alley, 4201
578;Samara Turner;0;2001-02-03;Samara_Turner7758@hourpy.biz;6-851-475-1125;Elia   Alley, 6897
579;Benjamin Simpson;0;1997-02-04;Benjamin_Simpson4536@nanoff.biz;1-622-411-1806;Baylis  Route, 4250
580;Louise Lunt;0;1997-12-18;Louise_Lunt4525@kideod.biz;3-067-614-2226;Abbotswell  Avenue, 2471
581;Tony Hastings;0;1997-03-14;Tony_Hastings2984@kideod.biz;4-134-415-6262;Cingworth  Vale, 7433
582;Lucas Grady;0;2000-01-02;Lucas_Grady6519@infotech44.tech;1-621-866-7405;Chestnut Rise Way, 3486
583;Carter Power;0;1997-03-22;Carter_Power2011@bretoux.com;4-356-111-6472;Clerkenwell Crossroad, 2079
584;Benjamin Cooper;0;1998-05-24;Benjamin_Cooper5057@womeona.net;6-035-683-1183;Amwell    Walk, 3261
585;Oliver Spencer;0;1999-02-04;Oliver_Spencer3725@twace.org;7-600-507-3487;Apsley    Way, 8034
586;Luke Ulyatt;0;1998-08-29;Luke_Ulyatt4538@gmail.com;1-207-234-3138;Dyott   Crossroad, 6722
587;Alexander Robertson;0;1997-10-27;Alexander_Robertson9289@kideod.biz;3-718-305-3723;South Pass, 5608
588;Benjamin Bell;0;2001-11-04;Benjamin_Bell6837@liret.org;6-682-567-4427;Canning  Alley, 1017
589;Barney Blackburn;0;2001-03-05;Barney_Blackburn5180@typill.biz;1-286-482-2865;Norland  Street, 4601
590;Tyler Stanley;0;1997-01-06;Tyler_Stanley8721@ovock.tech;0-457-313-5818;Rail Drive, 6188
591;Aisha Oswald;0;2001-11-20;Aisha_Oswald4898@iatim.tech;1-544-304-5222;Bigland  Street, 8318
592;Noah Niles;0;1999-02-07;Noah_Niles2999@muall.tech;7-366-254-0057;Marischal  Street, 8846
593;Ramon Cooper;0;2002-01-26;Ramon_Cooper6399@bauros.biz;7-433-827-8288;Elba  Road, 7472
594;Hadley Shelton;0;2000-10-04;Hadley_Shelton3052@joiniaa.com;8-035-407-5116;Blackall   Tunnel, 8848
595;Rae Evans;0;1998-03-09;Rae_Evans1977@twipet.com;5-222-482-3440;West Boulevard, 5382
596;Alessandra Kidd;0;2002-05-20;Alessandra_Kidd3781@qater.org;0-260-404-6876;Rail Route, 2208
597;Erin Parker;0;2001-11-21;Erin_Parker1717@corti.com;8-018-801-3823;Burton  Road, 7376
598;Matthew Curtis;0;1999-05-02;Matthew_Curtis5739@brety.org;2-001-684-1477;Ely  Alley, 3524
599;Miriam Shields;0;1998-12-24;Miriam_Shields86@ovock.tech;6-561-416-0832;Queen Lane, 8541
600;Adeline Gibson;0;2002-04-11;Adeline_Gibson1950@extex.org;7-323-041-6120;Bloomsbury  Hill, 9274
601;Thea Mackenzie;0;2001-06-21;Thea_Mackenzie7408@irrepsy.com;1-671-044-0445;Ben   Walk, 2591
602;Benjamin Simpson;0;1999-02-09;Benjamin_Simpson8275@grannar.com;3-553-015-2508;Oxford Hill, 2481
603;Carl Squire;0;1998-08-16;Carl_Squire9312@fuliss.net;0-601-216-5722;Thurloe   Hill, 4325
604;Melinda Walker;0;1998-08-16;Melinda_Walker8410@sveldo.biz;2-325-354-2635;Carlton  Rue, 9727
605;John Hewitt;0;2000-04-27;John_Hewitt3307@naiker.biz;6-620-254-8115;Balfour    Pass, 601
606;Joyce Cassidy;0;1999-04-30;Joyce_Cassidy9299@qater.org;3-486-102-6285;St. Pauls  Lane, 1453
607;Brad Baker;0;1999-07-25;Brad_Baker377@gembat.biz;2-145-477-7677;Howard Hill, 2945
608;Brad Uddin;0;1997-04-21;Brad_Uddin1709@mafthy.com;6-140-315-4332;Chesterfield  Grove, 7675
609;Mike Morris;0;1998-07-02;Mike_Morris464@bretoux.com;8-850-458-5405;Clissold  Avenue, 470
610;Mina Bailey;0;1997-03-11;Mina_Bailey2756@vetan.org;4-450-485-2867;Bekesbourne   Alley, 7984
611;Gina Lane;0;1997-02-03;Gina_Lane8319@yahoo.com;7-610-362-5753;Yoakley Avenue, 9714
612;Hazel Flynn;0;1997-12-10;Hazel_Flynn6521@kideod.biz;5-550-486-3864;Marina  Boulevard, 3261
613;Maia Evans;0;2001-12-14;Maia_Evans7224@nickia.com;5-020-007-1812;Sheffield Grove, 8157
614;Logan Vane;0;2000-04-10;Logan_Vane625@jiman.org;2-065-100-5488;York Drive, 1439
615;Matthew Gray;0;2001-05-12;Matthew_Gray348@sheye.org;4-387-286-3147;Eaglet  Drive, 2857
616;Danny Lyon;0;1999-04-12;Danny_Lyon5423@hourpy.biz;5-672-728-5712;Ashley Vale, 1970
617;Olivia Greenwood;0;1999-01-14;Olivia_Greenwood1726@famism.biz;8-473-348-2185;Sundown Vale, 4654
618;Celia Bloom;0;1997-01-21;Celia_Bloom6314@fuliss.net;3-482-800-7345;Blackpool  Crossroad, 9504
619;Diane Moore;0;1999-07-20;Diane_Moore5420@guentu.biz;0-287-444-1124;Bellenden   Lane, 4358
620;Aleksandra Brooks;0;2000-02-06;Aleksandra_Brooks5539@cispeto.com;7-826-818-4575;Callcott   Drive, 9245
621;Scarlett Morley;0;2001-05-01;Scarlett_Morley4077@joiniaa.com;8-168-602-3046;Balham   Crossroad, 2356
622;Rufus Saunders;0;2001-01-21;Rufus_Saunders2874@corti.com;2-005-624-0734;Buttonwood Hill, 2569
623;Wade Gibson;0;1998-09-18;Wade_Gibson2587@brety.org;2-243-327-5655;Chapel  Crossroad, 6879
624;Nick Wright;0;1998-07-31;Nick_Wright3250@bulaffy.com;1-260-332-6802;Timothy  Tunnel, 2186
625;Chester Thomas;0;1997-01-06;Chester_Thomas9371@guentu.biz;3-488-301-3883;Camdale  Street, 6235
626;Leanne Edler;0;1999-08-08;Leanne_Edler5071@infotech44.tech;2-223-480-4123;Tilloch   Avenue, 5234
627;Marina Lewin;0;1998-12-04;Marina_Lewin8277@guentu.biz;5-454-436-2584;Durham Rue, 549
628;Angel Stuart;0;1997-03-25;Angel_Stuart8321@ubusive.com;6-874-275-1233;Belfort  Crossroad, 8144
629;Aiden Lloyd;0;1997-11-20;Aiden_Lloyd9215@guentu.biz;6-781-241-5771;Ensign   Way, 6937
630;Melinda Woodcock;0;2000-06-03;Melinda_Woodcock3312@gmail.com;7-703-460-0870;Angel  Rue, 2901
631;Denny Chapman;0;2002-05-14;Denny_Chapman6318@bulaffy.com;6-718-465-5634;Oxford Boulevard, 1344
632;Madison Lambert;0;2000-05-16;Madison_Lambert5879@gompie.com;1-175-113-7418;Gate   Way, 2454
633;Destiny Hope;0;2002-01-18;Destiny_Hope2003@twace.org;3-253-871-3711;Maple Pass, 6661
634;Lucas Murphy;0;2001-07-30;Lucas_Murphy3349@naiker.biz;3-401-388-2780;Hickory Lane Grove, 5871
635;Lucas Nielson;0;2000-10-07;Lucas_Nielson4055@eirey.tech;0-818-601-1103;Chamberlain  Crossroad, 9584
636;Enoch Zaoui;0;1999-06-07;Enoch_Zaoui6715@tonsy.org;6-758-561-1502;Cable    Tunnel, 1901
637;Chester Kelly;0;2001-09-23;Chester_Kelly9862@elnee.tech;0-434-322-0236;Bayberry Vale, 1762
638;Clint Summers;0;2002-01-18;Clint_Summers5786@yahoo.com;2-546-651-6663;Arundel   Grove, 2243
639;Joseph Lunt;0;2000-01-25;Joseph_Lunt5597@nickia.com;7-801-275-1243;Coborn  Drive, 8646
640;Harry Bentley;0;2001-06-09;Harry_Bentley7478@iatim.tech;6-232-741-5468;Longman   Walk, 5704
641;Doug Wooldridge;0;2001-01-22;Doug_Wooldridge358@nanoff.biz;1-746-587-4703;Thorndike   Lane, 8612
642;Abdul Lakey;0;2002-04-30;Abdul_Lakey307@nanoff.biz;6-080-682-6451;Parkfields Route, 4055
643;Gemma Speed;0;2001-03-07;Gemma_Speed4295@twace.org;4-032-881-1716;Ashley Pass, 6096
644;Chester Uttridge;0;1997-08-10;Chester_Uttridge7931@muall.tech;1-375-210-8428;Norland  Drive, 3295
645;Jacob Stewart;0;1998-07-12;Jacob_Stewart6933@muall.tech;0-854-542-5263;Chartham  Drive, 442
646;Maria Brooks;0;2000-03-03;Maria_Brooks8135@atink.com;8-781-532-4546;Apollo  Rue, 6762
647;Nick Overson;0;1998-11-10;Nick_Overson5175@deons.tech;6-244-537-4127;Erindale Rue, 6079
648;Trisha Donovan;0;2000-11-07;Trisha_Donovan2374@eirey.tech;5-113-777-2346;Lincoln Crossroad, 1655
649;Mavis Ellery;0;2000-03-27;Mavis_Ellery8599@fuliss.net;0-706-355-6230;Waldram Park  Tunnel, 3376
650;Bart Weston;0;1998-10-20;Bart_Weston9515@twipet.com;4-322-007-6661;Addison  Avenue, 7027
651;Makena Newman;0;1999-03-14;Makena_Newman7781@ubusive.com;5-306-214-4705;Dunton  Tunnel, 1454
652;Kaylee Wood;0;1999-01-28;Kaylee_Wood950@atink.com;5-348-354-4360;Cockspur  Walk, 9983
653;Andrea Ebbs;0;1997-02-10;Andrea_Ebbs9118@sveldo.biz;7-222-101-3242;Thorndike   Route, 7699
654;Abbey Lane;0;1998-06-13;Abbey_Lane1759@cispeto.com;4-427-216-6062;Clere  Way, 445
655;Noemi Edwards;0;1999-01-27;Noemi_Edwards5053@grannar.com;8-710-305-6166;Ely  Pass, 7983
656;Juliet Graves;0;2000-05-17;Juliet_Graves1475@atink.com;6-158-075-3308;Argyle  Drive, 1247
657;Joyce Stanton;0;2000-07-11;Joyce_Stanton8791@twipet.com;5-423-021-2766;St. Pauls  Lane, 8538
658;Chris Ballard;0;2000-03-09;Chris_Ballard7556@supunk.biz;1-602-277-0277;Blanchard  Grove, 7831
659;Angelica Anderson;0;1997-03-04;Angelica_Anderson3191@muall.tech;2-448-035-5571;Egerton  Rue, 9725
660;Carter York;0;1997-10-26;Carter_York664@hourpy.biz;5-630-207-5670;Waldram Park  Walk, 7984
661;Joseph Spencer;0;1997-09-25;Joseph_Spencer3109@nimogy.biz;6-502-318-7815;Waldram Park  Tunnel, 6501
662;Nicholas Emerson;0;2002-04-13;Nicholas_Emerson6154@atink.com;2-142-873-7530;Mariner  Avenue, 2037
663;Nick Richards;0;1998-12-23;Nick_Richards1790@infotech44.tech;5-022-648-8413;Chancellor  Street, 8732
664;Nancy Power;0;2001-07-16;Nancy_Power2384@extex.org;8-162-741-4401;Bective  Vale, 7143
665;Georgia Marshall;0;2001-03-22;Georgia_Marshall416@supunk.biz;5-537-852-1430;Fairview Street, 434
666;Cherish Woodley;0;2002-04-28;Cherish_Woodley382@bungar.biz;7-257-030-6476;Carlisle  Way, 4214
667;Jessica Archer;0;2000-02-12;Jessica_Archer279@acrit.org;2-584-827-0545;Elba  Way, 3657
668;Ethan Potter;0;1999-02-23;Ethan_Potter4857@bulaffy.com;6-668-667-3378;King Edward  Street, 1396
669;Margot Franks;0;1997-12-05;Margot_Franks9782@hourpy.biz;0-810-127-3766;Cleaver Pass, 2602
670;Gwenyth Addley;0;2002-03-13;Gwenyth_Addley7236@yahoo.com;4-072-206-3268;Unwin  Alley, 4964
671;Shelby Steer;0;2002-03-27;Shelby_Steer4767@qater.org;1-704-333-6027;Sundown Road, 2819
672;Christy Andrews;0;2001-11-14;Christy_Andrews8268@mafthy.com;1-668-073-6401;Cockspur  Grove, 2367
673;Sylvia Cassidy;0;1998-12-26;Sylvia_Cassidy2411@typill.biz;5-418-881-0232;Billing  Walk, 6216
674;Chadwick Gibbons;0;1997-12-01;Chadwick_Gibbons8317@muall.tech;4-376-345-8287;Sheringham   Avenue, 9422
675;Jack Maxwell;0;1998-12-28;Jack_Maxwell2078@gmail.com;6-644-126-7177;Geary   Hill, 1200
676;Sofia Flanders;0;1999-12-28;Sofia_Flanders9134@womeona.net;8-381-806-8328;Cavaye  Drive, 8762
677;Lillian Newman;0;2001-09-14;Lillian_Newman6434@ubusive.com;3-245-417-1472;Dunton  Alley, 2217
678;Madison Whinter;0;2000-05-30;Madison_Whinter5786@yahoo.com;2-742-646-1220;Sheffield Crossroad, 4271
679;Hank Thompson;0;2002-03-22;Hank_Thompson7579@jiman.org;8-147-223-1072;Geffrye   Pass, 93
680;Bart Warden;0;1999-12-22;Bart_Warden53@nickia.com;2-222-171-0745;Fair Alley, 2217
681;Victoria Wilkinson;0;1998-03-23;Victoria_Wilkinson5674@atink.com;6-174-365-7884;Vincent  Avenue, 202
682;Wade Murray;0;1999-09-27;Wade_Murray1507@irrepsy.com;7-702-601-8861;Sheffield Alley, 3472
683;Judith Devonport;0;2000-12-12;Judith_Devonport5776@bungar.biz;1-305-620-0356;Besson  Pass, 2597
684;Hayden Flynn;0;2001-05-25;Hayden_Flynn3264@irrepsy.com;7-708-321-4728;Church Crossroad, 6962
685;Russel Aldridge;0;1997-05-30;Russel_Aldridge4091@acrit.org;5-573-075-8278;Waite  Pass, 7039
686;Cadence Booth;0;1997-01-27;Cadence_Booth8187@twipet.com;5-112-368-4434;Elgood   Route, 4962
687;Rita Warden;0;1999-01-10;Rita_Warden8801@cispeto.com;6-631-658-5572;Westcott  Street, 8024
688;John Attwood;0;2000-02-08;John_Attwood2291@jiman.org;8-180-254-2165;Parkfield  Hill, 9585
689;Vanessa Lane;0;2002-02-19;Vanessa_Lane1107@twipet.com;6-228-827-3644;Lake Road, 8080
690;Harry Alcroft;0;1997-12-12;Harry_Alcroft5573@twipet.com;8-260-378-2578;Vincent  Walk, 441
691;Michael Moore;0;1997-11-24;Michael_Moore1002@corti.com;4-330-881-8710;Coleman  Rue, 2134
692;Nathan Welsch;0;1998-07-19;Nathan_Welsch939@cispeto.com;6-434-471-5277;Blenkarne  Rue, 676
693;Ronald Janes;0;2001-10-04;Ronald_Janes7911@nimogy.biz;8-388-607-2738;Victoria  Avenue, 5586
694;Trisha Ralph;0;2000-05-28;Trisha_Ralph8149@infotech44.tech;3-277-737-0387;Coleman  Vale, 6241
695;Makena Kelly;0;1998-04-30;Makena_Kelly7865@joiniaa.com;2-488-526-0113;Chester  Way, 8557
696;Anthony Hood;0;2001-09-24;Anthony_Hood6170@tonsy.org;2-822-720-6158;Magnolia Route, 9229
697;Alan Weldon;0;1997-01-29;Alan_Weldon7971@nanoff.biz;2-534-513-1562;Castlereagh   Lane, 3594
698;Bethany Hall;0;2002-02-07;Bethany_Hall6990@bretoux.com;7-046-688-7847;Blanchard  Pass, 3821
699;Penny Kelly;0;2000-05-16;Penny_Kelly1517@liret.org;4-766-057-5352;Mariner  Grove, 2132
700;Matthew Torres;0;2000-01-03;Matthew_Torres1293@ubusive.com;2-406-643-3457;Lincoln Walk, 19
701;Sienna Tennant;0;1997-12-27;Sienna_Tennant5071@brety.org;2-118-140-8034;Blackheath   Vale, 787
702;Bart Power;0;1998-05-04;Bart_Power6701@jiman.org;6-688-503-6767;Sundown Way, 6080
703;Celina Walker;0;1997-02-25;Celina_Walker2549@gompie.com;1-631-733-6657;Andsell    Street, 1921
704;Nick Samuel;0;2000-02-27;Nick_Samuel3589@supunk.biz;2-347-132-7631;Bennett  Street, 2178
705;Bob Attwood;0;1997-02-11;Bob_Attwood7835@twace.org;3-838-817-5863;Yoakley Rue, 3144
706;Marvin Jackson;0;2001-07-30;Marvin_Jackson451@ubusive.com;2-271-315-2332;Yorkshire  Walk, 8011
707;Denny Thorne;0;1997-10-02;Denny_Thorne8829@dionrab.com;2-153-652-5026;Clarges   Rue, 496
708;Peter Darcy;0;2001-03-12;Peter_Darcy3835@atink.com;7-370-022-7131;Durham Lane, 7396
709;Noah Fisher;0;2001-07-06;Noah_Fisher1373@brety.org;6-263-385-7370;Bennett  Road, 8445
710;Brad Hope;0;2002-03-12;Brad_Hope5304@joiniaa.com;1-663-788-1255;St. Jamess  Walk, 3161
711;Manuel Potts;0;1998-02-21;Manuel_Potts8269@zorer.org;6-007-443-5017;Hickory   Way, 6702
712;Matthew Holmes;0;1998-02-20;Matthew_Holmes4364@deavo.com;7-838-680-6527;Jackson Boulevard, 8639
713;Domenic Paterson;0;2002-04-01;Domenic_Paterson8818@brety.org;3-117-520-0523;Parkfields Crossroad, 1430
714;Esmeralda Potter;0;1999-09-23;Esmeralda_Potter7484@muall.tech;2-760-071-8781;Calvin   Walk, 4926
715;Tyson Dillon;0;1997-04-27;Tyson_Dillon9718@nickia.com;3-212-143-5454;Cable    Drive, 9343
716;Cassandra Lowe;0;1999-11-15;Cassandra_Lowe6175@atink.com;6-165-050-4721;Coleman  Crossroad, 9024
717;Julia Robinson;0;2001-12-15;Julia_Robinson2294@gompie.com;1-425-073-3360;Monroe Alley, 5156
718;Chelsea Roberts;0;2002-04-09;Chelsea_Roberts7273@gompie.com;3-053-818-7645;Bekesbourne   Alley, 7531
719;Jolene Stone;0;1998-04-11;Jolene_Stone7314@irrepsy.com;4-448-222-5838;Eldon  Hill, 4983
720;Chris Squire;0;1998-09-24;Chris_Squire5113@bungar.biz;7-584-216-8855;Egerton  Drive, 4457
721;Marla West;0;2002-03-19;Marla_West1898@qater.org;3-338-536-3485;Bingham   Boulevard, 3103
722;Matt Warner;0;1997-05-30;Matt_Warner9840@joiniaa.com;3-006-280-7657;Clifton  Alley, 9004
723;Rylee Owen;0;1998-08-22;Rylee_Owen3899@sheye.org;8-363-436-2530;Chatsworth  Lane, 4845
724;Luke Brown;0;1997-12-07;Luke_Brown4754@brety.org;6-110-860-8202;Parkfields Route, 5852
725;Ruby Ellison;0;2000-03-09;Ruby_Ellison430@guentu.biz;2-677-740-5635;Cloth  Boulevard, 3523
726;Fred Zaoui;0;1999-02-19;Fred_Zaoui6559@twipet.com;2-780-575-1562;Kimberley  Route, 1385
727;Lexi Avery;0;1999-12-29;Lexi_Avery7863@gompie.com;1-112-865-2753;Collins  Drive, 8628
728;Tania Selby;0;2001-07-15;Tania_Selby718@kideod.biz;8-542-144-0442;Kilner   Lane, 5158
729;Julian Osmond;0;2000-05-11;Julian_Osmond84@womeona.net;0-377-645-6216;Garfield Pass, 4563
730;Allison Neville;0;2001-05-04;Allison_Neville6939@atink.com;5-712-608-6180;Thurloe   Lane, 3093
731;Alexander Robinson;0;2000-12-25;Alexander_Robinson2291@acrit.org;7-204-506-1322;Baylis  Drive, 4990
732;Denis Powell;0;2001-07-20;Denis_Powell6539@extex.org;4-114-884-6534;Andrews  Road, 7042
733;Johnny Heaton;0;1998-03-28;Johnny_Heaton6701@dionrab.com;5-330-861-6112;Fairfield  Boulevard, 4463
734;Cristal Yard;0;2000-09-03;Cristal_Yard4713@deons.tech;1-118-603-8770;Clyde Vale, 6244
735;Peter Lunt;0;2002-04-15;Peter_Lunt7812@liret.org;2-716-574-0212;Parkfields Lane, 8713
736;Nick Wright;0;2001-02-18;Nick_Wright2521@bulaffy.com;3-123-621-0738;Gathorne   Alley, 4913
737;Joseph King;0;2001-09-25;Joseph_King9062@elnee.tech;8-518-860-3588;Chart   Hill, 3707
