35,35,Jackeline Tait
36,36,Anais Gregory
37,37,Hailey Partridge
38,38,Ema Wilton
39,39,Chester Wheeler
40,40,Chad Jacobs
41,41,Stella Yoman
42,42,Boris Jenkins
43,43,Caleb Walton
44,44,George Gunn
45,45,Carter Weatcroft
46,46,Dorothy Grady
47,47,Chuck Noon
48,48,Hank Yard
49,49,Dani Craig
50,50,Sabrina Richardson
51,51,Mark Umney
2,2,Walter White
52,52,Matthew Benson
5,5,Leilani Lewis
6,6,Melania Lane
7,7,Julia Vollans
8,8,Rocco Nanton
9,9,Beatrice Yang
10,10,Carl Mccormick
11,11,David Speed
12,12,Noah Gavin
13,13,Peter Watt
14,14,Michael Brett
15,15,Bob Ring
16,16,Remy Oswald
17,17,Karen Wooldridge
18,18,Eryn Poulton
53,53,Rufus Wilcox
19,19,Georgia Raven
20,20,Anthony Shields
21,21,Chuck Locke
22,22,Harry Rainford
23,23,Marjorie Moreno
24,24,Owen Eagle
25,25,Adina Grady
26,26,Camila Hunt
4,4,Patrick Bateman
27,27,Brad Hopkinson
28,28,Dani Lambert
29,29,Marilyn Dixon
30,30,Matt Baldwin
31,31,Aiden Ellis
32,32,Russel Gonzales
33,33,Maxwell Hunt
34,34,Rihanna Mccormick
54,54,Denny Dann
55,55,Tyson Moore
56,56,Cedrick Mccormick
57,57,Bryce Palmer
58,58,Oliver Whinter
59,59,Marigold Lloyd
60,60,Ramon Weston
61,61,Ember Lewin
62,62,Savannah Pond
63,63,Gil Johnson
64,64,Celina Janes
65,65,Sabina Drummond
66,66,Maggie Robertson
67,67,Callie Rowlands
3,3,Paul Allen
68,68,Paula Hammond
69,69,Bob Hobson
70,70,Lillian Ebbs
71,71,Bryon Hammond
72,72,Mason Jennson
73,73,Marvin Hood
74,74,Esmeralda Sinclair
75,75,Harvey Broomfield
76,76,Isabella Kent
77,77,Barney Harrington
78,78,Freya Baxter
79,79,Oliver Ward
80,80,Cherish Snell
81,81,Hayden Knight
82,82,Mark Emmett
83,83,Tony Jones
84,84,Percy Tyrrell
85,85,Logan Mackenzie
86,86,Teagan Isaac
87,87,Carla Ward
88,88,Ronald Gonzales
89,89,Adela Osman
90,90,Owen Shaw
91,91,Roger Campbell
92,92,Enoch Shea
93,93,Jack Jobson
94,94,Anthony Emmott
95,95,Dakota Noach
96,96,Kieth Beal
97,97,Anabel Lloyd
98,98,Michael Waterhouse
99,99,Mike Myatt
100,100,Sofia Mccormick
101,101,Kieth Wilde
102,102,William Wright
103,103,Amelia Herbert
104,104,Hanna Simpson
105,105,Russel Lloyd
106,106,Wade Poole
107,107,Daniel Potter
108,108,George Page 
109,109,Fred Roberts
110,110,Russel Rowlands
111,111,Kate Hale
112,112,Melinda Pierce
113,113,Domenic Forester
114,114,Tony Reese
115,115,Luke Carter
116,116,Ethan Selby
117,117,David Nicolas
118,118,Hayden Walton
119,119,Josh Swift
120,120,Naomi White
121,121,Wade Allen
122,122,Mary Maxwell
123,123,Nancy Horton
124,124,Lindsay Owen
125,125,Keira Callan
126,126,Ciara Noon
127,127,Harry Pope
128,128,Bob Stewart
129,129,Melania Flynn
130,130,Cherish Grady
131,131,Madison Wellington
132,132,Marilyn Collingwood
133,133,Sabrina Fulton
134,134,Boris Reading
135,135,Madison Moore
136,136,Denny Powell
137,137,Russel Norton
138,138,Hayden Moreno
139,139,Taylor Ashley
140,140,Jules Abbot
141,141,Jack Adams
142,142,Rose Owen
143,143,Cara Phillips
144,144,Matthew Bolton
145,145,Martin Avery
146,146,Harvey Gibbons
147,147,Emmanuelle Rose
148,148,Nate Kennedy
149,149,Analise Clarke
150,150,Peter Bradshaw
151,151,Ryan Harris
152,152,Gwen Shields
153,153,Kenzie Umney
154,154,Roger Sylvester
155,155,Judith Russell
156,156,Mackenzie Salt
157,157,Nate Underhill
158,158,Ivette Powell
159,159,Mona Attwood
160,160,Luke Baker
161,161,Ruby Knight
162,162,Celia Addison
163,163,Gabriel Jeffery
164,164,Tyson Gardner
165,165,Penny Lakey
166,166,Maya Weldon
167,167,Eduardo Fox
168,168,Taylor John
169,169,Emma Yarwood
170,170,Maxwell Pratt
171,171,Mason Rodgers
172,172,Tara Vincent
173,173,Owen Brooks
174,174,Mike Hepburn
175,175,Sasha Griffiths
176,176,Dakota Blackwall
177,177,Jackeline Rodwell
178,178,Ramon Hope
179,179,Sabina Alldridge
180,180,Marjorie Rodwell
181,181,Celina Rigg
182,182,Fiona Partridge
183,183,Daniel Eyres
184,184,Zoe Weatcroft
185,185,Nancy Richardson
186,186,Dalia Veale
187,187,William Warden
188,188,Angelina Morris
189,189,Macy Kirby
190,190,Josephine Furnell
191,191,Denny Edwards
192,192,Clint Booth
193,193,Roger Parker
194,194,Marilyn Williams
195,195,Goldie Devonport
196,196,Kimberly Plant
197,197,Leslie Maxwell
198,198,Kate Campbell
199,199,Liam Goodman
200,200,Johnny Bullock
201,201,Faith Sylvester
202,202,Kaylee Reynolds
203,203,Keira Grant
204,204,Erick Horton
205,205,Kurt Verdon
206,206,Harry Amstead
207,207,Sloane Stanton
208,208,Darlene Ellison
209,209,Clint Utterson
210,210,Jayden Sinclair
211,211,Kamila Faulkner
212,212,Joy Waterhouse
213,213,Hannah Garner
214,214,Candace Hood
215,215,Skylar Knight
216,216,Carolyn Page 
217,217,Carl John
218,218,Livia Villiger
219,219,Rose Pickard
220,220,Norah Wooldridge
221,221,Eduardo Glass
222,222,Mark Upsdell
223,223,Michael Stone 
224,224,Boris Wills
225,225,Andrea Rose
226,226,Callie Rowe
227,227,Janelle Howard
228,228,Wade Hill
229,229,Chadwick Thorpe
230,230,Kieth Ballard
231,231,Johnathan Poulton
232,232,Tyler Jennson
233,233,Chelsea Heaton
234,234,Victoria Morris
235,235,Celia Woodcock
236,236,Chris Addison
237,237,Anabel Overson
238,238,Julius Campbell
239,239,Nick Stark
240,240,Moira Reese
241,241,Kieth Thorpe
242,242,Evie Hardwick
243,243,Chester Simpson
244,244,Hayden Vince
245,245,Nicholas John
246,246,Percy Allwood
247,247,Dani Glynn
248,248,Ronald Ianson
249,249,Sebastian Middleton
250,250,Maia Woods
251,251,Marla Dann
252,252,Russel Blackburn
253,253,Mike Vass
254,254,Mary Sheldon
255,255,Mark Rehman
256,256,Michaela Waterhouse
257,257,Ron Snow
258,258,Hayden Logan
259,259,Rose Rogers
260,260,Juliette Reid
261,261,Kenzie Allcott
262,262,Denny Eaton
263,263,Sarah Nielson
264,264,Eduardo Jarvis
265,265,Tony Rogers
266,266,Gil Hamilton
267,267,Marvin Hood
268,268,Camden Sanchez
269,269,Sebastian Foxley
270,270,Miriam Terry
271,271,Rocco Cooper
272,272,Maxwell Crawford
273,273,Parker Gilmour
274,274,Denis Cartwright
275,275,Elle Hood
276,276,Maya Wilson
277,277,Irene Pratt
278,278,Anais Payne
279,279,Rufus Woodcock
280,280,Cynthia Tanner
281,281,Bart Rainford
282,282,Rose Ainsworth
283,283,Hope Garcia
284,284,Macy Jones
285,285,Blake Morley
286,286,Colleen Rigg
287,287,Samara Overson
288,288,Morgan Victor
289,289,Davina Harris
290,290,Ada Harrison
291,291,Hadley Mitchell
292,292,Sebastian Cassidy
293,293,Eryn Stevens
294,294,Ryan Oatway
295,295,Hazel Brock
296,296,Johnathan Spencer
297,297,Rosemary King
298,298,Anthony Chadwick
299,299,Rhea Harrington
300,300,Matt Higgs
301,301,Payton Robertson
302,302,Maxwell Evans
303,303,Payton Cork
304,304,Cadence Overson
305,305,Leroy Hudson
306,306,Isabella Bailey
307,307,Elena Butler
308,308,Jack Noach
309,309,Martin Thomson
310,310,Rufus Williams
311,311,Hayden Ulyatt
312,312,Wade Morris
313,313,Renee Holmes
314,314,Nicholas Dixon
315,315,Katelyn Rivers
316,316,Matt Wellington
317,317,Logan Woodley
318,318,Denny Eagle
319,319,Chelsea Wheeler
320,320,Juliet Ashwell
321,321,Rhea Roth
322,322,Maxwell Woodley
323,323,Caleb Rixon
324,324,Michael Funnell
325,325,Sydney Hall
326,326,Alexa Corbett
327,327,Chad Wright
328,328,Shannon Larkin
329,329,Amelia Brown
330,330,Harvey Young
331,331,Caydence Leigh
332,332,Noah Tennant
333,333,Mike Murray
334,334,Rita Cartwright
335,335,William Andrews
336,336,Victoria Moore
337,337,Leroy Mcleod
338,338,Bryon Hewitt
339,339,Caleb Price
340,340,Chester Nayler
341,341,Nicholas Baldwin
342,342,Sarah Baldwin
343,343,Chadwick Knott
344,344,Gina Woods
345,345,Phillip Potts
346,346,Fred Mitchell
347,347,Trisha Noach
348,348,Luke Payne
349,349,Lynn Neal
350,350,Leroy Gordon
351,351,Mason Shaw
352,352,Trisha Gates
353,353,Megan Freeburn
354,354,Logan Walsh
355,355,Chanelle Poulton
356,356,Doug Russell
357,357,Rufus Anderson
358,358,Rachael Ventura
359,359,Harvey Mcgee
360,360,Angelique Slater
361,361,Chadwick Owens
362,362,Sara Kerr
363,363,Maya Dann
364,364,Gil Wright
365,365,Alan Miller
366,366,Rosemary Phillips
367,367,Peter Oakley
368,368,Hailey Lynch
369,369,Renee Pickard
370,370,Roger Oldfield
371,371,Gil Gardner
372,372,Elly Flanders
373,373,Rhea Cattell
374,374,Charlize Dempsey
375,375,Cedrick Wheeler
376,376,Domenic Owen
377,377,Sonya Harrington
378,378,Harmony Notman
379,379,Oliver Bishop
380,380,Manuel Kelly
381,381,Daron Gray
382,382,Domenic London
383,383,Ethan Yoman
384,384,Cassidy Carter
385,385,Barry Notman
386,386,Chad Thorpe
387,387,Lucas Johnson
388,388,Nathan Yoman
389,389,Ema Reid
390,390,Camila Reyes
391,391,Oliver Evans
392,392,Anthony Ingram
393,393,Rae Gunn
394,394,Rocco Yoman
395,395,Peter Smith
396,396,Johnathan Cann
397,397,Rick Sloan
398,398,Logan Kaur
399,399,Makena Howard
401,401,Nicholas Jeffery
402,402,Benjamin Rossi
403,403,Darlene Mcguire
404,404,Oliver Morris
405,405,Rhea Bowen
406,406,Elijah Cooper
407,407,Makenzie Richardson
408,408,Rylee Vallins
409,409,Oliver Sloan
410,410,Roger Kidd
411,411,Tania Clayton
412,412,Ethan Evans
413,413,Rosie Turner
414,414,Beatrice Hudson
415,415,Alexander Underhill
416,416,Kurt Kennedy
417,417,Katelyn Miller
418,418,Kieth James
419,419,Ryan Booth
420,420,Ramon Richardson
421,421,Cassidy Hastings
422,422,Lorraine Higgs
423,423,Rhea Nelson
424,424,George Pickard
425,425,Bart Johnson
426,426,Erick Attwood
427,427,Camellia Wilde
428,428,Harriet Carson
429,429,Scarlett Asher
430,430,Nate Wood
431,431,Juliette Rogan
432,432,Bart Hogg
433,433,Julius Salt
434,434,Hadley Osmond
435,435,Leanne Brett
436,436,Carissa Cobb
437,437,Enoch Owen
438,438,Denny Bryson
439,439,Peter Waterhouse
440,440,Oliver Samuel
441,441,Lara Alcroft
442,442,Karen Boyle
443,443,Susan Sawyer
444,444,Harry Addison
445,445,Lillian Osman
446,446,Daniel Veale
447,447,Mayleen Flynn
448,448,Tony Dixon
449,449,Vicky Garcia
450,450,Nancy Wellington
451,451,Wendy Kent
452,452,Caleb Ventura
453,453,Hayden Cobb
454,454,Elly White
455,455,Liam John
456,456,Michael Norris
457,457,Rowan Salt
458,458,Gabriel Robertson
459,459,Kieth Hogg
460,460,Michael Tait
461,461,Gloria Rodwell
462,462,Andrea Howard
463,463,Moira Carpenter
464,464,Alan Butler
465,465,Renee Garcia
466,466,Bryce White
467,467,Jamie Shaw
468,468,Logan Blackburn
469,469,Lauren Donnelly
470,470,Sara Archer
471,471,Elena Blackwall
472,472,Ron Clayton
473,473,Mavis Willis
474,474,Julian Butler
475,475,Denny Hunter
476,476,William Rowan
477,477,Leroy Preston
478,478,Matthew Maxwell
479,479,Clint Knight
480,480,Joyce Whinter
481,481,Johnathan James
482,482,Alexander Davies
483,483,Noah Squire
484,484,Camellia Verdon
485,485,Henry Wright
486,486,George Mackenzie
487,487,Beatrice Greenwood
488,488,Chad Abbey
489,489,Gloria Hall
490,490,Regina Brooks
491,491,Hailey Alldridge
492,492,Russel Verdon
493,493,Enoch Tyrrell
494,494,Tyson Everett
495,495,Javier Clark
496,496,Tom Sanchez
497,497,Louise Seymour
498,498,Rihanna Porter
499,499,Johnathan Thomson
501,501,Jayden Lindop
502,502,Gil Vass
505,505,Jolene Chadwick
506,506,Kirsten Ross
507,507,Jackeline Hamilton
508,508,Paige Tobin
509,509,Anne Murphy
510,510,Elena Crawley
511,511,Makenzie Partridge
512,512,Tony Jenkin
513,513,Cecilia Hope
514,514,Payton Addis
515,515,Doug Lynn
516,516,Phillip Gibbons
517,517,Sonya Ellison
518,518,Mary Bullock
519,519,Juliette Mason
520,520,Marilyn Knott
521,521,Jacqueline Knight
522,522,Juliette Willson
523,523,Esmeralda Tait
524,524,Oliver Dowson
525,525,George Goldsmith
526,526,Freya Bradshaw
527,527,Tara Sherry
528,528,Regina Denton
529,529,William Harris
530,530,Maggie White
531,531,Tess Quinnell
532,532,Daria Rogers
533,533,Matt Irwin
534,534,Luke Tutton
503,503,Ivy Clarke
504,504,Peter Purvis
535,535,Christy Camden
536,536,Gil Moore
537,537,Kurt Dyson
538,538,Abbey Barrett
539,539,Domenic Kent
540,540,Manuel Boden
541,541,Anthony Haines
542,542,Marla Andersson
543,543,Brad Holmes
544,544,Eduardo Sherwood
545,545,Ramon Nicholls
546,546,Gil Tutton
547,547,Eryn Ripley
548,548,Matthew Redden
549,549,Penny Wilton
550,550,Rowan Gates
551,551,Enoch Nicolas
552,552,Lily Andrews
553,553,Chadwick Clifford
554,554,Ada Quinnell
555,555,Danny Ross
556,556,Joseph Avery
557,557,Henry Riley
558,558,Penny Gilbert
559,559,Roger Thomas
560,560,Oliver Woodley
561,561,Anthony Addis
562,562,Danny Bell
563,563,Monica Hammond
564,564,Gabriel Bell
565,565,Angelina Stevenson
566,566,Eduardo Dwyer
567,567,Owen Coleman
568,568,Chuck Hilton
569,569,Kieth Forester
570,570,Mackenzie Walsh
571,571,Tony Phillips
572,572,Cameron Tate
573,573,Daron Benson
574,574,Jenna Wild
575,575,Elijah Niles
576,576,Darlene Norris
577,577,Elena Selby
578,578,Samara Turner
579,579,Benjamin Simpson
580,580,Louise Lunt
581,581,Tony Hastings
582,582,Lucas Grady
583,583,Carter Power
584,584,Benjamin Cooper
585,585,Oliver Spencer
586,586,Luke Ulyatt
587,587,Alexander Robertson
588,588,Benjamin Bell
589,589,Barney Blackburn
590,590,Tyler Stanley
591,591,Aisha Oswald
592,592,Noah Niles
593,593,Ramon Cooper
594,594,Hadley Shelton
595,595,Rae Evans
596,596,Alessandra Kidd
597,597,Erin Parker
598,598,Matthew Curtis
599,599,Miriam Shields
600,600,Adeline Gibson
601,601,Thea Mackenzie
602,602,Benjamin Simpson
603,603,Carl Squire
604,604,Melinda Walker
605,605,John Hewitt
606,606,Joyce Cassidy
607,607,Brad Baker
608,608,Brad Uddin
609,609,Mike Morris
610,610,Mina Bailey
611,611,Gina Lane
612,612,Hazel Flynn
613,613,Maia Evans
614,614,Logan Vane
615,615,Matthew Gray
616,616,Danny Lyon
617,617,Olivia Greenwood
618,618,Celia Bloom
619,619,Diane Moore
620,620,Aleksandra Brooks
621,621,Scarlett Morley
622,622,Rufus Saunders
623,623,Wade Gibson
624,624,Nick Wright
625,625,Chester Thomas
626,626,Leanne Edler
627,627,Marina Lewin
628,628,Angel Stuart
629,629,Aiden Lloyd
630,630,Melinda Woodcock
631,631,Denny Chapman
632,632,Madison Lambert
633,633,Destiny Hope
634,634,Lucas Murphy
635,635,Lucas Nielson
636,636,Enoch Zaoui
637,637,Chester Kelly
638,638,Clint Summers
639,639,Joseph Lunt
640,640,Harry Bentley
641,641,Doug Wooldridge
642,642,Abdul Lakey
643,643,Gemma Speed
644,644,Chester Uttridge
645,645,Jacob Stewart
646,646,Maria Brooks
647,647,Nick Overson
648,648,Trisha Donovan
649,649,Mavis Ellery
650,650,Bart Weston
651,651,Makena Newman
652,652,Kaylee Wood
653,653,Andrea Ebbs
654,654,Abbey Lane
655,655,Noemi Edwards
656,656,Juliet Graves
657,657,Joyce Stanton
658,658,Chris Ballard
659,659,Angelica Anderson
660,660,Carter York
661,661,Joseph Spencer
662,662,Nicholas Emerson
663,663,Nick Richards
664,664,Nancy Power
665,665,Georgia Marshall
666,666,Cherish Woodley
667,667,Jessica Archer
668,668,Ethan Potter
669,669,Margot Franks
670,670,Gwenyth Addley
671,671,Shelby Steer
672,672,Christy Andrews
673,673,Sylvia Cassidy
674,674,Chadwick Gibbons
675,675,Jack Maxwell
676,676,Sofia Flanders
677,677,Lillian Newman
678,678,Madison Whinter
679,679,Hank Thompson
680,680,Bart Warden
681,681,Victoria Wilkinson
682,682,Wade Murray
683,683,Judith Devonport
684,684,Hayden Flynn
685,685,Russel Aldridge
686,686,Cadence Booth
687,687,Rita Warden
688,688,John Attwood
689,689,Vanessa Lane
690,690,Harry Alcroft
691,691,Michael Moore
692,692,Nathan Welsch
693,693,Ronald Janes
694,694,Trisha Ralph
695,695,Makena Kelly
696,696,Anthony Hood
697,697,Alan Weldon
698,698,Bethany Hall
699,699,Penny Kelly
701,701,Sienna Tennant
702,702,Bart Power
703,703,Celina Walker
704,704,Nick Samuel
705,705,Bob Attwood
706,706,Marvin Jackson
707,707,Denny Thorne
708,708,Peter Darcy
709,709,Noah Fisher
710,710,Brad Hope
711,711,Manuel Potts
712,712,Matthew Holmes
713,713,Domenic Paterson
714,714,Esmeralda Potter
715,715,Tyson Dillon
716,716,Cassandra Lowe
717,717,Julia Robinson
718,718,Chelsea Roberts
719,719,Jolene Stone
720,720,Chris Squire
721,721,Marla West
722,722,Matt Warner
723,723,Rylee Owen
724,724,Luke Brown
725,725,Ruby Ellison
726,726,Fred Zaoui
727,727,Lexi Avery
728,728,Tania Selby
729,729,Julian Osmond
730,730,Allison Neville
731,731,Alexander Robinson
732,732,Denis Powell
733,733,Johnny Heaton
734,734,Cristal Yard
735,735,Peter Lunt
736,736,Nick Wright
737,737,Joseph King
700,700,Matthew Torres
500,500,Owen Hooper
400,400,Harry Pierce
1,1,Jesse Pinkman
